row_id,winners
0,b4
1,b0|b1|b2
2,b4
3,b4
4,b1|b2|b3|b4
5,b4
6,b0
7,b1|b2|b3
8,b4
9,b0|b1|b2|b3|b4
10,b4
11,b0|b1|b2|b3|b4
12,b4
13,b1
14,b2|b3|b4
15,b1|b2|b3|b4
16,b2|b3
17,b1
18,b4
19,b1
20,b0|b1|b3|b4
21,b1|b2
22,b3
23,b1|b2|b3|b4
24,b3|b4
25,b3|b4
26,b0|b1|b2|b3|b4
27,b0|b1|b2|b3|b4
28,b0
29,b3|b4
30,b0
31,b0
32,b3|b4
33,b1|b2|b3
34,b1|b2|b4
35,b4
36,b4
37,b0
38,b0|b1|b2|b3|b4
39,b1
40,b4
41,b0|b1|b2
42,b0|b1
43,b4
44,b0|b2
45,b0|b1|b2|b3|b4
46,b1|b3|b4
47,b2
48,b2|b4
49,b1|b2|b3|b4
50,b3|b4
51,b4
52,b0|b1|b2
53,b2|b3|b4
54,b2
55,b4
56,b0|b1|b2|b3|b4
57,b0|b1|b2|b3|b4
58,b0|b1|b2|b3|b4
59,b0
60,b0|b1
61,b1
62,b0
63,b0|b4
64,b0|b3
65,b4
66,b1|b3
67,b1|b2
68,b0|b1|b2|b3|b4
69,b3|b4
70,b4
71,b3
72,b0|b1
73,b3|b4
74,b3|b4
75,b0|b1|b2|b3|b4
76,b1|b4
77,b3
78,b4
79,b0|b1
80,b1|b4
81,b4
82,b4
83,b2
84,b1|b2|b3
85,b4
86,b4
87,b1|b2|b3|b4
88,b0|b1|b2|b3
89,b2
90,b0|b1|b3
91,b0|b1|b2
92,b1|b2|b3|b4
93,b2|b3|b4
94,b1|b2|b3|b4
95,b2|b3|b4
96,b4
97,b0
98,b4
99,b0|b1
100,b2|b3|b4
101,b0|b1
102,b3|b4
103,b2|b3|b4
104,b3|b4
105,b1
106,b0|b1|b2|b3|b4
107,b0
108,b1|b2|b3|b4
109,b4
110,b1|b2|b4
111,b2|b3|b4
112,b0|b1|b2|b3|b4
113,b3|b4
114,b2|b3|b4
115,b2
116,b2|b3|b4
117,b2|b3|b4
118,b1|b2|b3|b4
119,b0|b1|b3|b4
120,b1|b2|b3|b4
121,b0|b1|b2|b3|b4
122,b4
123,b1|b2
124,b0|b1
125,b0|b1|b4
126,b0
127,b1
128,b1|b3|b4
129,b0|b1
130,b0|b1|b2|b3|b4
131,b1
132,b1|b2
133,b4
134,b3
135,b1|b2|b3|b4
136,b4
137,b2|b3|b4
138,b3|b4
139,b2|b3|b4
140,b0|b1|b2|b3|b4
141,b1|b2|b4
142,b2|b3
143,b0|b1|b2|b3|b4
144,b1|b2
145,b3
146,b2
147,b3|b4
148,b0|b1|b2|b3|b4
149,b3|b4
150,b0|b1|b2|b3
151,b1|b2|b3|b4
152,b2
153,b0|b1
154,b3
155,b0|b1|b2
156,b3
157,b0|b1|b2|b3|b4
158,b1
159,b2|b3
160,b1
161,b4
162,b3|b4
163,b0|b1|b2|b3
164,b4
165,b0|b1|b4
166,b2|b3
167,b1
168,b0|b1|b2|b3|b4
169,b3
170,b0|b1|b2|b3|b4
171,b0|b1|b2|b3|b4
172,b0|b1|b2|b3|b4
173,b4
174,b4
175,b0|b1|b2
176,b0|b1|b3
177,b0|b1|b2|b3|b4
178,b3|b4
179,b0
180,b3|b4
181,b3
182,b3
183,b2
184,b3
185,b2|b3
186,b4
187,b1|b2
188,b4
189,b4
190,b2|b4
191,b0
192,b1
193,b4
194,b1|b2|b3
195,b0|b1|b2
196,b1|b2|b3|b4
197,b0|b1|b2|b3|b4
198,b0
199,b4
200,b2|b4
201,b2|b4
202,b0|b1|b2|b3|b4
203,b0|b1|b2
204,b3|b4
205,b2|b3|b4
206,b2|b3
207,b1
208,b1|b2|b3
209,b4
210,b1|b2|b3|b4
211,b3
212,b0|b1|b2|b3|b4
213,b0
214,b0|b1
215,b2
216,b4
217,b4
218,b1|b2
219,b4
220,b4
221,b0|b2
222,b4
223,b0
224,b4
225,b4
226,b3
227,b0|b1
228,b3|b4
229,b4
230,b1|b2
231,b3|b4
232,b1|b2
233,b1|b2|b4
234,b2
235,b3|b4
236,b3
237,b4
238,b3
239,b1|b2|b3
240,b4
241,b0|b1|b2|b3|b4
242,b3|b4
243,b1|b2|b3|b4
244,b0|b3|b4
245,b3
246,b0|b1|b2|b3
247,b2|b3
248,b1
249,b3|b4
250,b1|b2
251,b0
252,b3|b4
253,b0|b1
254,b1|b2|b3|b4
255,b4
256,b1|b2|b3|b4
257,b2|b3
258,b3|b4
259,b4
260,b3
261,b0|b1|b2|b3|b4
262,b3|b4
263,b1
264,b2
265,b1|b2|b3
266,b0|b1
267,b0|b1|b2|b3|b4
268,b0
269,b1|b2|b3|b4
270,b0|b1
271,b1|b2|b3|b4
272,b1|b3|b4
273,b4
274,b0|b1|b2|b3|b4
275,b1
276,b1|b2|b3|b4
277,b2
278,b2|b3
279,b4
280,b2|b3|b4
281,b1|b2|b3
282,b1|b2|b3|b4
283,b1|b2|b3
284,b1
285,b3
286,b4
287,b4
288,b2|b3|b4
289,b1|b2|b3|b4
290,b1|b2|b3|b4
291,b4
292,b4
293,b4
294,b2|b3|b4
295,b1|b3|b4
296,b0
297,b1
298,b1|b2|b3
299,b3|b4
300,b0|b1
301,b2
302,b2|b3|b4
303,b1
304,b3|b4
305,b0|b1
306,b4
307,b0|b3
308,b1
309,b1|b2
310,b1
311,b0|b1|b2|b3
312,b3|b4
313,b1|b2|b3
314,b2|b4
315,b0|b1|b2|b3|b4
316,b2|b4
317,b2|b4
318,b1|b2|b3
319,b0|b1|b3
320,b0|b1|b2
321,b0|b1|b2
322,b2|b3
323,b3
324,b4
325,b0|b1|b4
326,b2|b3
327,b3|b4
328,b4
329,b2|b3
330,b4
331,b1|b2|b3|b4
332,b0|b1|b2|b3|b4
333,b0|b1|b2|b3|b4
334,b1|b2
335,b4
336,b0|b1|b2|b3|b4
337,b0|b1
338,b0|b1
339,b1|b2
340,b1|b2|b3|b4
341,b1|b2|b3|b4
342,b0|b1|b2|b3
343,b1|b2|b3|b4
344,b4
345,b2|b3
346,b1|b2|b3|b4
347,b0|b1|b2|b3|b4
348,b1|b2
349,b4
350,b1|b2
351,b4
352,b2|b3|b4
353,b0|b1|b2|b3|b4
354,b1|b2|b3
355,b2|b3|b4
356,b3
357,b2|b4
358,b3
359,b0
360,b0
361,b2
362,b1|b2|b3
363,b3|b4
364,b1|b2|b3
365,b3
366,b2|b3|b4
367,b3|b4
368,b2|b3|b4
369,b0|b1|b2|b3|b4
370,b0|b1
371,b0|b1
372,b1|b3|b4
373,b0|b1|b2|b3|b4
374,b0|b1|b2|b3|b4
375,b2|b3|b4
376,b0|b1|b2
377,b1|b2|b3|b4
378,b1
379,b2
380,b2|b4
381,b1|b2|b3|b4
382,b2|b3|b4
383,b2|b3|b4
384,b1|b2
385,b0|b1|b2|b3
386,b1|b2|b3|b4
387,b4
388,b0|b1|b2|b3|b4
389,b0
390,b0|b2|b3
391,b4
392,b0|b1|b2
393,b0
394,b0|b3|b4
395,b1|b2
396,b3
397,b4
398,b4
399,b0
400,b4
401,b1|b2|b3|b4
402,b0|b1
403,b2|b3|b4
404,b1
405,b0|b1|b2|b3
406,b4
407,b0|b3|b4
408,b1|b3
409,b2|b3|b4
410,b2
411,b3|b4
412,b0
413,b1|b2|b3|b4
414,b3|b4
415,b0|b1|b2|b3|b4
416,b0
417,b0|b1|b2|b3|b4
418,b4
419,b0|b1|b2|b3|b4
420,b0|b1|b2|b3
421,b1
422,b0|b1|b2|b3|b4
423,b0
424,b1|b2|b3|b4
425,b0|b1|b2|b3|b4
426,b0|b3|b4
427,b2
428,b0
429,b0|b1|b2|b3|b4
430,b4
431,b3
432,b4
433,b1|b2|b4
434,b3
435,b1|b2|b3|b4
436,b2
437,b0|b1|b2|b3
438,b4
439,b4
440,b0|b1|b2|b3|b4
441,b3
442,b0|b1|b2|b3|b4
443,b0|b1|b2
444,b0|b2|b3|b4
445,b0
446,b1|b2|b3
447,b0|b3
448,b4
449,b3|b4
450,b0|b1|b2|b3|b4
451,b3
452,b3
453,b0
454,b0|b1|b2
455,b1
456,b4
457,b0|b1|b4
458,b0
459,b1|b2|b3|b4
460,b4
461,b0|b1
462,b0|b1
463,b0|b1|b2
464,b0|b1|b3|b4
465,b0
466,b3
467,b0|b1
468,b0|b1|b2|b3|b4
469,b4
470,b3
471,b0|b1|b2|b3
472,b2|b3
473,b4
474,b4
475,b3
476,b0|b1
477,b2|b3|b4
478,b2|b3|b4
479,b1
480,b3
481,b1|b2|b3|b4
482,b0|b1|b3
483,b1|b2|b3|b4
484,b4
485,b3|b4
486,b0|b1|b2|b3|b4
487,b0|b3|b4
488,b0|b1|b2|b3|b4
489,b0|b1|b2|b3|b4
490,b0|b1|b2|b3
491,b2|b3
492,b1|b3|b4
493,b1
494,b1|b2|b3|b4
495,b2|b3|b4
496,b4
497,b1|b2|b3
498,b4
499,b0|b1|b2|b4
500,b0
501,b4
502,b0|b1|b2|b3|b4
503,b2|b4
504,b0|b1|b2|b3|b4
505,b3
506,b0|b1|b2|b3|b4
507,b4
508,b0|b1|b2|b3|b4
509,b0
510,b0|b1
511,b0|b1
512,b0|b1|b2|b3|b4
513,b1|b2
514,b2|b3|b4
515,b4
516,b1|b2
517,b0|b1|b2|b3|b4
518,b3|b4
519,b0|b1|b2|b3|b4
520,b1|b2|b3
521,b0|b1
522,b4
523,b1|b2|b3|b4
524,b0
525,b3|b4
526,b2
527,b0|b1|b2|b3|b4
528,b1|b2|b3|b4
529,b0|b1|b2
530,b3|b4
531,b0
532,b1|b2
533,b3|b4
534,b1
535,b0|b1|b2|b3|b4
536,b1|b4
537,b1
538,b0|b1|b2
539,b3
540,b1|b2|b3|b4
541,b2|b3|b4
542,b3|b4
543,b0|b1|b2|b3
544,b0|b2
545,b2
546,b3|b4
547,b3|b4
548,b1|b2
549,b0|b1|b2|b3|b4
550,b0|b1|b2|b3|b4
551,b2
552,b3|b4
553,b0|b1|b3|b4
554,b0|b4
555,b2
556,b0
557,b0|b1
558,b0|b1|b2
559,b3|b4
560,b2|b3|b4
561,b1|b2|b3
562,b3|b4
563,b3|b4
564,b4
565,b4
566,b0
567,b3|b4
568,b0|b3|b4
569,b0|b2|b3
570,b1
571,b3
572,b3|b4
573,b0
574,b1|b2|b3|b4
575,b0|b1|b2|b3|b4
576,b0|b2|b3
577,b0|b1|b2|b3|b4
578,b2|b3
579,b1
580,b4
581,b1|b3
582,b1
583,b1|b2|b3
584,b2|b4
585,b0|b1
586,b1
587,b1
588,b3|b4
589,b1|b2|b3
590,b0|b1|b2|b3|b4
591,b2|b3|b4
592,b2|b3|b4
593,b4
594,b0|b4
595,b1|b2|b4
596,b2|b3
597,b0|b1|b2|b3|b4
598,b2|b3|b4
599,b1
600,b1|b2|b3|b4
601,b1|b2|b3|b4
602,b2
603,b3|b4
604,b2
605,b0|b1|b2|b3|b4
606,b2
607,b4
608,b1|b3
609,b2|b3|b4
610,b3|b4
611,b1|b2|b3|b4
612,b4
613,b4
614,b2|b3|b4
615,b3|b4
616,b2|b4
617,b0|b1
618,b0|b1
619,b2
620,b1
621,b2|b3|b4
622,b1|b2|b3|b4
623,b4
624,b0|b1|b2|b3|b4
625,b2
626,b2|b3
627,b4
628,b3
629,b0|b1|b2|b3|b4
630,b1|b2|b3
631,b1|b2
632,b0|b3|b4
633,b0|b1|b2|b3|b4
634,b1|b3
635,b0|b1|b2|b3|b4
636,b0|b1|b2|b3|b4
637,b4
638,b3|b4
639,b2|b3|b4
640,b0|b1|b2|b3|b4
641,b4
642,b2|b3|b4
643,b2|b3|b4
644,b1|b2
645,b1|b2|b3
646,b0|b1|b2
647,b0|b1|b2|b3|b4
648,b0
649,b3
650,b0|b1|b2|b3|b4
651,b3
652,b1|b2
653,b1|b2|b3|b4
654,b1|b2|b3|b4
655,b0|b1
656,b0|b1|b2|b3|b4
657,b0|b1|b2|b3
658,b1|b2|b3|b4
659,b3|b4
660,b1
661,b0|b2|b3|b4
662,b1|b2|b3|b4
663,b1|b2|b3|b4
664,b1|b3|b4
665,b1|b2|b3|b4
666,b1|b2|b3|b4
667,b4
668,b3
669,b0|b1|b2
670,b0|b1|b2|b3|b4
671,b4
672,b0|b1|b2|b3|b4
673,b2
674,b2|b3
675,b1
676,b0|b1|b2|b3|b4
677,b1|b2|b3|b4
678,b1|b2
679,b1|b2|b3|b4
680,b1|b2|b3|b4
681,b3|b4
682,b2
683,b4
684,b4
685,b0|b1|b3
686,b1|b2|b3|b4
687,b1|b2|b3|b4
688,b0|b1|b2
689,b0|b1|b2|b3|b4
690,b4
691,b0|b3
692,b0|b1|b2|b3
693,b1|b2|b3|b4
694,b4
695,b1|b2|b3|b4
696,b2
697,b0
698,b2|b3|b4
699,b0|b2
700,b1|b2|b3|b4
701,b1|b2|b3|b4
702,b0|b1|b2
703,b1|b2|b3|b4
704,b4
705,b0|b1|b2|b3|b4
706,b0|b1|b2|b3|b4
707,b1|b2|b3|b4
708,b4
709,b1|b2|b3
710,b3|b4
711,b2|b3|b4
712,b1
713,b3|b4
714,b1|b2
715,b0|b1|b2|b3|b4
716,b4
717,b0|b1|b2|b3|b4
718,b2|b3
719,b0|b1|b2|b3|b4
720,b3
721,b0
722,b2
723,b2
724,b3|b4
725,b0|b1|b3|b4
726,b0
727,b1|b2|b3|b4
728,b2|b4
729,b1|b2|b3
730,b2
731,b1
732,b3|b4
733,b0|b1|b2|b3|b4
734,b4
735,b0|b2|b3|b4
736,b2
737,b3|b4
738,b4
739,b2|b3|b4
740,b4
741,b3|b4
742,b2|b3|b4
743,b0|b1|b2|b3|b4
744,b1|b2|b3|b4
745,b3|b4
746,b3|b4
747,b3
748,b1
749,b0|b1|b2|b3|b4
750,b2|b3|b4
751,b4
752,b3
753,b0|b3|b4
754,b0
755,b3|b4
756,b0|b1|b2|b3|b4
757,b1
758,b0|b1|b3|b4
759,b3|b4
760,b0|b1|b3
761,b0
762,b0|b1
763,b0|b1|b2|b3
764,b1
765,b0|b1|b2|b3|b4
766,b1
767,b4
768,b0|b1
769,b1|b2|b3|b4
770,b0|b2
771,b3|b4
772,b0|b1|b2
773,b1|b3|b4
774,b0
775,b1|b3
776,b0|b1|b2|b3|b4
777,b1|b2|b3|b4
778,b2
779,b2|b3
780,b4
781,b2|b3|b4
782,b2
783,b1
784,b2|b3|b4
785,b2|b3|b4
786,b0|b1|b2
787,b3
788,b3|b4
789,b0|b1|b2|b3|b4
790,b0|b1
791,b4
792,b4
793,b3|b4
794,b4
795,b0
796,b1
797,b4
798,b1|b2|b4
799,b4
800,b1|b2
801,b4
802,b3|b4
803,b4
804,b4
805,b1|b2|b3|b4
806,b0|b1|b2|b3|b4
807,b2|b3|b4
808,b1|b2|b3|b4
809,b0|b1
810,b1|b2|b3
811,b4
812,b2
813,b1
814,b0|b1|b2|b3|b4
815,b4
816,b2
817,b2
818,b0
819,b3|b4
820,b3|b4
821,b1|b2|b3
822,b3|b4
823,b1|b2|b3
824,b3
825,b0|b1|b2|b3|b4
826,b0|b1|b2|b3|b4
827,b0|b2|b3|b4
828,b1|b4
829,b0|b1|b2|b3|b4
830,b0|b1|b2|b3|b4
831,b3|b4
832,b0|b1|b4
833,b2
834,b2|b3
835,b0|b1|b4
836,b0|b1
837,b1|b2
838,b1|b2|b3
839,b0|b3|b4
840,b2|b3
841,b4
842,b2|b3|b4
843,b0|b1
844,b2
845,b0|b1|b2|b4
846,b1
847,b0|b4
848,b0|b1
849,b4
850,b1|b2
851,b3|b4
852,b2|b3|b4
853,b1|b3
854,b0|b1|b2|b4
855,b1|b2|b3|b4
856,b0|b1|b2|b3|b4
857,b0
858,b1|b2|b4
859,b4
860,b4
861,b0|b2|b4
862,b1
863,b2
864,b3|b4
865,b2|b3|b4
866,b0|b4
867,b2|b3
868,b1
869,b0|b2
870,b2|b3
871,b0|b1|b2|b3|b4
872,b0|b1|b2|b3|b4
873,b3
874,b2|b3|b4
875,b2|b3|b4
876,b0|b1|b2|b3|b4
877,b1|b2|b3|b4
878,b1|b2|b3
879,b0|b1
880,b0|b1|b2|b3|b4
881,b0
882,b3
883,b4
884,b4
885,b2|b3|b4
886,b4
887,b1
888,b2
889,b4
890,b1
891,b0|b1|b2|b3|b4
892,b4
893,b4
894,b2|b3|b4
895,b1|b2|b3|b4
896,b1|b2|b3|b4
897,b4
898,b4
899,b0|b1
900,b1|b2|b4
901,b0
902,b0|b4
903,b4
904,b2|b3
905,b0|b1|b2|b3|b4
906,b1|b2|b3|b4
907,b0
908,b4
909,b0
910,b3|b4
911,b0|b1|b2|b3|b4
912,b1|b3|b4
913,b3|b4
914,b4
915,b3|b4
916,b4
917,b0|b1|b2
918,b0|b1
919,b0
920,b2|b3
921,b4
922,b0|b1
923,b3
924,b2|b3|b4
925,b0|b1
926,b1
927,b1|b2|b3|b4
928,b1|b2|b3|b4
929,b0
930,b3|b4
931,b1|b2|b3|b4
932,b0
933,b4
934,b3|b4
935,b4
936,b0
937,b0|b1|b3|b4
938,b0
939,b1|b2
940,b0|b1|b3
941,b2|b3|b4
942,b2
943,b4
944,b1|b2
945,b3
946,b3
947,b0|b1|b2|b3|b4
948,b0|b1|b2|b3|b4
949,b2|b3|b4
950,b0|b1|b3
951,b3|b4
952,b2|b3|b4
953,b0|b3
954,b0|b1|b2
955,b3|b4
956,b4
957,b0
958,b2|b3
959,b1
960,b4
961,b4
962,b3|b4
963,b3|b4
964,b3|b4
965,b0|b1|b2|b3|b4
966,b3|b4
967,b3|b4
968,b0
969,b3|b4
970,b1|b2|b3|b4
971,b0|b1|b2|b3|b4
972,b3|b4
973,b0|b1|b2|b3|b4
974,b0|b2|b4
975,b4
976,b0|b1|b4
977,b2
978,b0|b1|b2|b3|b4
979,b4
980,b1|b2|b3|b4
981,b2|b3|b4
982,b0
983,b1|b2|b3|b4
984,b0|b1
985,b2|b3
986,b0|b1|b2|b3|b4
987,b1|b2|b3|b4
988,b3|b4
989,b2|b3
990,b0|b1|b2|b3
991,b1|b2|b3
992,b0|b1|b2|b3|b4
993,b0|b1
994,b0|b1
995,b2|b3
996,b3
997,b0|b1|b2|b3|b4
998,b4
999,b1|b2|b3|b4
1000,b2|b3|b4
1001,b0|b1|b2
1002,b1|b2|b3|b4
1003,b0|b1|b2|b3|b4
1004,b3|b4
1005,b1|b2|b3|b4
1006,b0|b1|b4
1007,b1|b3
1008,b3
1009,b4
1010,b1|b2|b3|b4
1011,b0|b2
1012,b2|b3
1013,b0|b2|b3
1014,b4
1015,b4
1016,b2
1017,b3|b4
1018,b4
1019,b0|b1|b2|b3|b4
1020,b1|b2|b3|b4
1021,b4
1022,b3|b4
1023,b0
1024,b4
1025,b0
1026,b0|b1|b2
1027,b4
1028,b3|b4
1029,b2
1030,b1|b2|b3|b4
1031,b0|b1|b3
1032,b0
1033,b4
1034,b1
1035,b2|b3
1036,b4
1037,b2|b3
1038,b0|b1|b2
1039,b0|b1|b2|b3|b4
1040,b2|b3
1041,b4
1042,b2|b3|b4
1043,b0|b4
1044,b4
1045,b0
1046,b3
1047,b2|b3|b4
1048,b0
1049,b4
1050,b1
1051,b2|b3|b4
1052,b4
1053,b0|b1
1054,b1
1055,b3
1056,b0|b1|b3
1057,b1
1058,b1|b2|b3|b4
1059,b0|b1|b3
1060,b2|b3
1061,b4
1062,b1|b2|b3|b4
1063,b1
1064,b4
1065,b2
1066,b0
1067,b1|b2
1068,b2
1069,b0|b1
1070,b0
1071,b1|b2|b3
1072,b2|b3
1073,b3|b4
1074,b4
1075,b0|b1|b2|b4
1076,b3|b4
1077,b4
1078,b0|b1|b2|b3|b4
1079,b2
1080,b2|b3
1081,b1|b2|b3|b4
1082,b0
1083,b1|b2|b3|b4
1084,b0|b1|b2
1085,b1
1086,b0|b2
1087,b4
1088,b3
1089,b4
1090,b2|b3
1091,b0|b1|b2|b3|b4
1092,b1
1093,b4
1094,b0|b1|b2|b3|b4
1095,b2|b3|b4
1096,b3|b4
1097,b4
1098,b1|b2|b3|b4
1099,b1|b2|b3|b4
1100,b0|b1|b2|b4
1101,b4
1102,b0|b1|b2|b3|b4
1103,b0|b1|b2
1104,b1
1105,b3
1106,b0
1107,b4
1108,b4
1109,b0
1110,b3|b4
1111,b4
1112,b1|b2|b3|b4
1113,b1
1114,b0|b1
1115,b0|b1|b2
1116,b0|b3|b4
1117,b0
1118,b3|b4
1119,b2
1120,b0|b1|b2|b3|b4
1121,b3|b4
1122,b1|b2|b3|b4
1123,b1|b2|b3|b4
1124,b0|b1|b2
1125,b4
1126,b1|b2|b3|b4
1127,b2
1128,b4
1129,b2
1130,b1|b2
1131,b1
1132,b3|b4
1133,b3
1134,b1
1135,b4
1136,b2|b3|b4
1137,b1|b2
1138,b1
1139,b4
1140,b1
1141,b3
1142,b4
1143,b0|b1|b2|b3|b4
1144,b4
1145,b0|b1|b2|b3|b4
1146,b0
1147,b2|b3|b4
1148,b2|b3|b4
1149,b0
1150,b4
1151,b4
1152,b1|b2
1153,b4
1154,b0|b4
1155,b3
1156,b1|b4
1157,b1
1158,b3|b4
1159,b1|b2|b3|b4
1160,b0|b1|b2|b3|b4
1161,b1|b2
1162,b0|b2|b3|b4
1163,b1|b4
1164,b0|b2|b3
1165,b4
1166,b0|b3
1167,b3
1168,b2|b3|b4
1169,b3|b4
1170,b0|b4
1171,b3|b4
1172,b0
1173,b2|b3|b4
1174,b0
1175,b0
1176,b2
1177,b1|b2|b3|b4
1178,b4
1179,b4
1180,b3
1181,b1|b2|b3|b4
1182,b1
1183,b0
1184,b0|b1|b2|b3|b4
1185,b2|b3|b4
1186,b2|b4
1187,b0|b1|b2|b3|b4
1188,b3|b4
1189,b4
1190,b1
1191,b1|b3|b4
1192,b4
1193,b1|b2|b3|b4
1194,b0
1195,b1|b2|b3|b4
1196,b0|b1
1197,b0|b1|b2|b3|b4
1198,b1|b3
1199,b4
1200,b0|b1|b2|b3
1201,b2|b3|b4
1202,b1|b2|b4
1203,b1|b2|b3|b4
1204,b2
1205,b0|b1|b2|b3|b4
1206,b2|b3|b4
1207,b0
1208,b0|b1|b2|b3|b4
1209,b0|b1|b4
1210,b2
1211,b0|b1
1212,b0|b1|b2|b3|b4
1213,b0|b3|b4
1214,b1|b2|b4
1215,b1
1216,b3|b4
1217,b0|b1
1218,b0
1219,b0|b1|b2
1220,b2
1221,b3|b4
1222,b1|b2|b3
1223,b3|b4
1224,b3|b4
1225,b3|b4
1226,b3|b4
1227,b1|b2
1228,b1|b2|b3|b4
1229,b1|b2|b3
1230,b0|b1|b2|b3
1231,b0|b1|b2|b3|b4
1232,b1|b2|b3|b4
1233,b2|b3|b4
1234,b1|b2
1235,b1
1236,b2|b3
1237,b2|b3|b4
1238,b0
1239,b2|b3|b4
1240,b1|b2|b3|b4
1241,b0|b2|b3
1242,b1|b4
1243,b1|b2|b3|b4
1244,b2
1245,b2|b3
1246,b1|b2|b3|b4
1247,b3|b4
1248,b1|b4
1249,b2|b3|b4
1250,b3|b4
1251,b2|b3|b4
1252,b1|b2
1253,b0|b1|b2|b3|b4
1254,b3|b4
1255,b0
1256,b3|b4
1257,b3|b4
1258,b1
1259,b3|b4
1260,b0|b4
1261,b4
1262,b1
1263,b4
1264,b0
1265,b4
1266,b3
1267,b1|b2|b3|b4
1268,b1|b2|b3|b4
1269,b4
1270,b1|b2|b3|b4
1271,b1|b2|b3|b4
1272,b0|b1|b2|b3
1273,b2
1274,b1|b2|b3|b4
1275,b4
1276,b1|b2|b3|b4
1277,b4
1278,b0
1279,b0|b1|b2|b3|b4
1280,b3|b4
1281,b0
1282,b1|b2|b3|b4
1283,b4
1284,b4
1285,b2|b3|b4
1286,b1|b2|b3|b4
1287,b1|b2|b3
1288,b3
1289,b0|b1|b2
1290,b3
1291,b3|b4
1292,b4
1293,b1|b3|b4
1294,b3
1295,b0|b1|b2|b3|b4
1296,b3
1297,b1|b2|b3
1298,b3|b4
1299,b3
1300,b4
1301,b1
1302,b2|b3|b4
1303,b4
1304,b4
1305,b3|b4
1306,b0
1307,b2|b3|b4
1308,b2|b4
1309,b1|b2|b3|b4
1310,b3|b4
1311,b0|b1
1312,b1|b2|b3|b4
1313,b2|b3|b4
1314,b0|b1|b2|b3|b4
1315,b1
1316,b0|b1|b2|b3|b4
1317,b4
1318,b4
1319,b2|b4
1320,b4
1321,b1|b2|b3|b4
1322,b1|b2|b3|b4
1323,b3|b4
1324,b4
1325,b1|b2|b3
1326,b4
1327,b3|b4
1328,b4
1329,b4
1330,b0|b1|b2|b3
1331,b2|b3|b4
1332,b0|b1|b2|b3|b4
1333,b0|b1|b2|b3|b4
1334,b1|b2
1335,b2|b3|b4
1336,b4
1337,b1
1338,b1|b2|b3|b4
1339,b3|b4
1340,b0|b1|b2|b3|b4
1341,b0|b1|b2|b3|b4
1342,b1|b3
1343,b2
1344,b1|b4
1345,b0
1346,b2|b3
1347,b0|b1|b2|b3|b4
1348,b0
1349,b0|b3|b4
1350,b0|b1|b2|b3
1351,b2|b3|b4
1352,b3|b4
1353,b1|b2|b3
1354,b4
1355,b2
1356,b4
1357,b0|b1
1358,b2
1359,b4
1360,b2|b3|b4
1361,b2|b3|b4
1362,b0
1363,b1|b2
1364,b4
1365,b2|b3|b4
1366,b1|b2|b3
1367,b1|b2|b3|b4
1368,b0
1369,b0
1370,b2|b3|b4
1371,b0|b1|b2|b3|b4
1372,b2|b3|b4
1373,b1|b3
1374,b0|b1|b2|b3|b4
1375,b0|b1|b2|b4
1376,b3
1377,b3
1378,b0|b1
1379,b1|b2|b3|b4
1380,b1|b3|b4
1381,b1|b2|b3
1382,b2
1383,b0|b3|b4
1384,b1|b2|b3|b4
1385,b3
1386,b0
1387,b0|b1|b2|b3
1388,b4
1389,b0|b1|b2
1390,b4
1391,b3
1392,b2|b3|b4
1393,b3|b4
1394,b2|b3|b4
1395,b4
1396,b0|b1|b2|b3|b4
1397,b3|b4
1398,b1
1399,b1|b2|b3|b4
1400,b3|b4
1401,b2
1402,b2|b3|b4
1403,b0|b1|b2|b3|b4
1404,b4
1405,b4
1406,b0|b1
1407,b4
1408,b2
1409,b0|b1|b2|b3|b4
1410,b0
1411,b2
1412,b4
1413,b1|b2
1414,b3
1415,b2|b3|b4
1416,b1|b3|b4
1417,b0|b1|b3
1418,b0|b1|b2|b3
1419,b0|b3
1420,b4
1421,b0|b1
1422,b3|b4
1423,b1|b2|b3|b4
1424,b3|b4
1425,b2|b3
1426,b0|b1|b2|b3|b4
1427,b2|b3|b4
1428,b4
1429,b2|b3|b4
1430,b1|b2|b3|b4
1431,b0|b1|b2|b3|b4
1432,b1|b2|b3|b4
1433,b3|b4
1434,b2
1435,b3|b4
1436,b1|b2|b3|b4
1437,b4
1438,b2|b3
1439,b0
1440,b1
1441,b2|b3|b4
1442,b1|b3|b4
1443,b4
1444,b3
1445,b0
1446,b0|b1|b2|b3|b4
1447,b1
1448,b1|b2
1449,b2|b4
1450,b1|b2|b3|b4
1451,b2|b3
1452,b2
1453,b0|b1|b2
1454,b0|b1|b2|b3
1455,b4
1456,b2|b4
1457,b2
1458,b1|b2|b3|b4
1459,b0
1460,b1|b2|b3|b4
1461,b0
1462,b1|b2|b3|b4
1463,b1|b2|b3
1464,b0|b1|b2|b3|b4
1465,b0|b1|b2
1466,b0
1467,b1|b2|b3|b4
1468,b0|b1|b2|b3|b4
1469,b1
1470,b2|b3|b4
1471,b0
1472,b1|b2
1473,b0|b1|b2
1474,b2|b3|b4
1475,b0|b1
1476,b3|b4
1477,b1|b2|b3|b4
1478,b2|b3|b4
1479,b2|b3|b4
1480,b1|b3
1481,b0
1482,b0
1483,b3|b4
1484,b0|b1
1485,b0|b1
1486,b2|b3|b4
1487,b4
1488,b4
1489,b2|b4
1490,b2|b3
1491,b1
1492,b0|b1|b2|b3|b4
1493,b4
1494,b4
1495,b3
1496,b4
1497,b0|b1|b2|b3|b4
1498,b3|b4
1499,b2
1500,b0
1501,b0
1502,b1
1503,b2|b4
1504,b4
1505,b3|b4
1506,b1|b4
1507,b3|b4
1508,b0|b1|b2|b3|b4
1509,b0|b1
1510,b0|b2
1511,b1|b2|b3|b4
1512,b0|b1|b2|b3|b4
1513,b3|b4
1514,b2|b3|b4
1515,b2
1516,b4
1517,b4
1518,b4
1519,b4
1520,b0
1521,b4
1522,b4
1523,b3|b4
1524,b3
1525,b2|b3|b4
1526,b2|b3|b4
1527,b0|b1|b2|b3|b4
1528,b1|b2|b3|b4
1529,b2
1530,b0|b1|b3|b4
1531,b0|b1|b2|b3|b4
1532,b1|b2|b3|b4
1533,b0|b4
1534,b0|b1|b2|b3|b4
1535,b0|b1|b2|b3|b4
1536,b2|b4
1537,b0|b1
1538,b1
1539,b4
1540,b4
1541,b1|b2|b3|b4
1542,b1|b2|b3
1543,b3|b4
1544,b4
1545,b2|b3|b4
1546,b3|b4
1547,b4
1548,b0
1549,b1|b2|b3
1550,b1|b2|b3|b4
1551,b2
1552,b2
1553,b0|b1|b2|b3|b4
1554,b1|b2
1555,b3
1556,b0|b1|b2
1557,b2|b3|b4
1558,b3
1559,b1|b2|b4
1560,b3|b4
1561,b3|b4
1562,b4
1563,b1|b2|b3|b4
1564,b1
1565,b1|b2|b3
1566,b0|b1|b2|b3
1567,b2|b3|b4
1568,b3
1569,b4
1570,b3|b4
1571,b0
1572,b2|b4
1573,b0|b1|b2|b3|b4
1574,b0|b1
1575,b3|b4
1576,b2|b3|b4
1577,b4
1578,b0
1579,b0|b4
1580,b3
1581,b0
1582,b2|b4
1583,b4
1584,b3|b4
1585,b1|b2|b3|b4
1586,b4
1587,b1
1588,b2
1589,b0|b1
1590,b1
1591,b4
1592,b4
1593,b1|b2|b3|b4
1594,b1|b2|b3|b4
1595,b4
1596,b0|b1|b2|b3|b4
1597,b1
1598,b3|b4
1599,b0|b1
1600,b1|b2|b3
1601,b4
1602,b4
1603,b0|b3|b4
1604,b0|b1|b2|b3|b4
1605,b0|b1|b2|b3|b4
1606,b4
1607,b1|b2|b3|b4
1608,b1|b2|b3|b4
1609,b1|b3
1610,b2|b3
1611,b0|b1|b2
1612,b3
1613,b0
1614,b2|b3|b4
1615,b1|b2|b3|b4
1616,b0|b1
1617,b0|b4
1618,b0|b2
1619,b0|b1
1620,b1|b4
1621,b0|b1|b2|b3|b4
1622,b0|b1
1623,b0|b1|b2|b3|b4
1624,b2|b3
1625,b3|b4
1626,b1
1627,b2|b3|b4
1628,b3
1629,b0|b1
1630,b3|b4
1631,b2|b3
1632,b0|b1|b2|b3|b4
1633,b0
1634,b2|b3|b4
1635,b1|b3|b4
1636,b4
1637,b0|b4
1638,b4
1639,b1
1640,b2|b3|b4
1641,b3|b4
1642,b4
1643,b1|b2|b3|b4
1644,b0
1645,b1|b2|b3|b4
1646,b1|b2|b4
1647,b1|b2|b4
1648,b4
1649,b1
1650,b1|b2|b3|b4
1651,b0|b2|b3
1652,b0
1653,b0|b1
1654,b3
1655,b3|b4
1656,b0|b2
1657,b4
1658,b4
1659,b0|b1|b2|b3|b4
1660,b2|b3|b4
1661,b0|b1|b4
1662,b2|b4
1663,b2
1664,b1|b2|b3|b4
1665,b3|b4
1666,b2|b3|b4
1667,b1|b2|b3
1668,b0|b4
1669,b4
1670,b0
1671,b1
1672,b0|b1|b2|b3
1673,b0
1674,b1|b2|b3|b4
1675,b0|b1|b2|b3|b4
1676,b1
1677,b0|b1|b2
1678,b1
1679,b3
1680,b0|b1|b2|b3|b4
1681,b0|b1|b2|b3|b4
1682,b3
1683,b3|b4
1684,b4
1685,b0|b1
1686,b3
1687,b0|b4
1688,b0
1689,b0
1690,b0
1691,b1|b2
1692,b2|b3|b4
1693,b3
1694,b0|b2|b3|b4
1695,b2|b3|b4
1696,b2|b3|b4
1697,b1|b3|b4
1698,b0|b1|b2|b4
1699,b2
1700,b0|b2|b3|b4
1701,b0|b1|b2|b3|b4
1702,b1|b2|b3|b4
1703,b0|b1|b2|b3|b4
1704,b1
1705,b1|b2|b3|b4
1706,b3
1707,b2
1708,b4
1709,b0|b1|b2|b3|b4
1710,b1
1711,b0
1712,b0|b1
1713,b3|b4
1714,b2
1715,b0|b1|b2|b3|b4
1716,b4
1717,b4
1718,b3
1719,b3|b4
1720,b3|b4
1721,b4
1722,b0|b1|b2|b3|b4
1723,b2|b3|b4
1724,b0|b1|b3
1725,b1|b2
1726,b0|b1|b2|b3|b4
1727,b4
1728,b4
1729,b0|b1|b2
1730,b4
1731,b0|b1
1732,b1|b2|b3|b4
1733,b1|b2|b3|b4
1734,b1
1735,b0|b1|b3|b4
1736,b1
1737,b2
1738,b0|b1|b2|b3
1739,b2|b3
1740,b2|b4
1741,b1|b4
1742,b1|b2|b3|b4
1743,b0|b1|b2|b3|b4
1744,b4
1745,b2|b3
1746,b3|b4
1747,b1|b2|b3|b4
1748,b4
1749,b0|b1|b2|b3|b4
1750,b1|b2|b4
1751,b4
1752,b0|b1|b2
1753,b1
1754,b4
1755,b4
1756,b3
1757,b0|b1
1758,b4
1759,b1|b2|b3|b4
1760,b2|b3
1761,b0|b1|b2|b3|b4
1762,b2|b3|b4
1763,b2
1764,b0|b1|b2|b3|b4
1765,b1|b2|b3|b4
1766,b2
1767,b0|b1|b2|b3|b4
1768,b2|b3|b4
1769,b0|b1
1770,b1|b2|b3|b4
1771,b1|b2|b3|b4
1772,b2
1773,b3|b4
1774,b1|b2|b3|b4
1775,b2|b3|b4
1776,b0|b2|b3|b4
1777,b1|b4
1778,b3|b4
1779,b1|b2|b3|b4
1780,b1|b2
1781,b0|b1|b2
1782,b2|b4
1783,b0|b1|b2|b3
1784,b3
1785,b0|b1|b2|b3|b4
1786,b1|b2|b3
1787,b0
1788,b0|b1|b2|b3|b4
1789,b4
1790,b1|b2|b3
1791,b0|b1|b2|b3|b4
1792,b2
1793,b0|b1|b2
1794,b1|b3
1795,b0|b1|b2
1796,b2|b3|b4
1797,b1|b2|b3|b4
1798,b3|b4
1799,b0
1800,b0|b1|b2
1801,b1|b2|b4
1802,b4
1803,b2|b4
1804,b3
1805,b4
1806,b1|b3|b4
1807,b3|b4
1808,b0|b1|b2|b3|b4
1809,b0|b2|b4
1810,b2|b3
1811,b2|b3|b4
1812,b0|b2|b3
1813,b0|b1
1814,b4
1815,b1|b2
1816,b1
1817,b1|b2|b3|b4
1818,b0|b1|b2|b3|b4
1819,b0|b1|b2|b3|b4
1820,b0|b3|b4
1821,b0|b3|b4
1822,b3
1823,b4
1824,b2|b4
1825,b3|b4
1826,b4
1827,b4
1828,b0|b1
1829,b0|b1|b2|b3|b4
1830,b0|b3|b4
1831,b4
1832,b4
1833,b0
1834,b4
1835,b1|b2|b3|b4
1836,b0|b1|b2|b3|b4
1837,b3
1838,b0|b1|b2|b3|b4
1839,b1|b4
1840,b3
1841,b1
1842,b0|b3
1843,b1|b2
1844,b1|b2
1845,b0
1846,b4
1847,b1
1848,b2|b3|b4
1849,b3|b4
1850,b0|b1|b2
1851,b0|b1|b2|b3|b4
1852,b0|b1|b2|b3|b4
1853,b2|b3
1854,b2|b3|b4
1855,b3
1856,b3|b4
1857,b2|b3|b4
1858,b2|b3|b4
1859,b0|b1|b2|b3|b4
1860,b2|b3|b4
1861,b0
1862,b4
1863,b0|b1|b2|b3
1864,b2
1865,b2|b3|b4
1866,b4
1867,b0|b1|b2|b3|b4
1868,b0|b4
1869,b4
1870,b0|b1|b2
1871,b1|b2|b3|b4
1872,b1|b2|b3|b4
1873,b1
1874,b0|b1|b2|b3|b4
1875,b1|b2|b3|b4
1876,b0|b2|b3|b4
1877,b3|b4
1878,b3|b4
1879,b1|b2|b3|b4
1880,b1|b2|b3|b4
1881,b4
1882,b0|b1|b2
1883,b4
1884,b2
1885,b4
1886,b0|b1|b2|b3|b4
1887,b1|b3|b4
1888,b2|b4
1889,b0|b1|b2
1890,b3|b4
1891,b0
1892,b3
1893,b4
1894,b2|b4
1895,b0
1896,b4
1897,b4
1898,b1|b2|b3|b4
1899,b0|b1|b2|b3
1900,b1|b2|b3
1901,b4
1902,b2|b3|b4
1903,b1
1904,b4
1905,b1|b2|b3|b4
1906,b1|b2|b4
1907,b2
1908,b4
1909,b0|b2
1910,b2|b3|b4
1911,b2|b3|b4
1912,b0|b1|b2|b3|b4
1913,b1|b2|b3|b4
1914,b0|b1|b2|b4
1915,b0|b2|b3
1916,b0|b1
1917,b4
1918,b0
1919,b4
1920,b2|b3|b4
1921,b0
1922,b0|b1|b2
1923,b0|b1|b2|b3|b4
1924,b0
1925,b1|b2
1926,b0|b1|b2
1927,b4
1928,b2
1929,b0|b1
1930,b3|b4
1931,b1|b2|b3|b4
1932,b0
1933,b4
1934,b3
1935,b1|b2
1936,b2
1937,b0
1938,b2
1939,b0
1940,b0
1941,b0
1942,b4
1943,b1|b2|b3|b4
1944,b4
1945,b0|b1
1946,b3|b4
1947,b4
1948,b1|b2|b3|b4
1949,b1
1950,b1
1951,b0
1952,b3|b4
1953,b1|b2|b3|b4
1954,b0|b1
1955,b0|b1|b2|b3|b4
1956,b1|b4
1957,b3
1958,b0|b1|b2|b3|b4
1959,b2|b3|b4
1960,b0|b1|b2|b3
1961,b4
1962,b1|b3
1963,b0|b1|b2|b3
1964,b2|b3|b4
1965,b2|b3|b4
1966,b3
1967,b1|b2|b3
1968,b2|b3|b4
1969,b0|b1|b2|b3
1970,b2|b3|b4
1971,b0|b1|b2|b3|b4
1972,b4
1973,b0
1974,b1|b2
1975,b3
1976,b3|b4
1977,b3|b4
1978,b0|b1|b2|b3|b4
1979,b2|b3|b4
1980,b1|b2|b3|b4
1981,b0|b1|b2
1982,b4
1983,b0
1984,b1|b2
1985,b2
1986,b0
1987,b2|b3|b4
1988,b4
1989,b0
1990,b4
1991,b0|b1|b2
1992,b0
1993,b3|b4
1994,b2|b3|b4
1995,b3|b4
1996,b4
1997,b2
1998,b0|b1
1999,b3|b4
2000,b3|b4
2001,b0|b1|b2|b3|b4
2002,b3
2003,b4
2004,b4
2005,b3|b4
2006,b2
2007,b0|b3|b4
2008,b0|b4
2009,b4
2010,b0
2011,b2
2012,b1|b2|b3|b4
2013,b4
2014,b2|b3
2015,b4
2016,b0
2017,b2|b3
2018,b1|b4
2019,b1|b2|b3|b4
2020,b0|b1|b2
2021,b4
2022,b1|b2|b3|b4
2023,b2|b3|b4
2024,b4
2025,b4
2026,b2|b3
2027,b0
2028,b0|b1|b2|b3|b4
2029,b1|b2|b3|b4
2030,b0
2031,b1|b2|b3|b4
2032,b0|b1|b2|b3
2033,b0|b2|b3
2034,b3|b4
2035,b3|b4
2036,b0|b1|b2|b3|b4
2037,b1|b2|b3
2038,b4
2039,b4
2040,b4
2041,b3|b4
2042,b0|b1|b2
2043,b0
2044,b0|b1|b2|b3|b4
2045,b2|b3
2046,b0|b1|b2|b3|b4
2047,b1
2048,b0|b1
2049,b1|b2|b3|b4
2050,b3|b4
2051,b3|b4
2052,b0|b1|b2|b3|b4
2053,b1|b2|b3|b4
2054,b1
2055,b2|b3|b4
2056,b0|b1|b2|b3
2057,b2|b3|b4
2058,b1
2059,b0|b1
2060,b0|b1|b2|b3|b4
2061,b2|b3|b4
2062,b0|b1|b2|b3
2063,b1|b3
2064,b0|b1|b2|b3|b4
2065,b0|b1|b3
2066,b4
2067,b1
2068,b4
2069,b2|b4
2070,b0
2071,b3|b4
2072,b1|b2|b3|b4
2073,b4
2074,b0|b1
2075,b3|b4
2076,b3
2077,b1
2078,b3
2079,b0|b1|b2|b3|b4
2080,b3
2081,b0
2082,b4
2083,b1
2084,b0|b1
2085,b1|b2|b3|b4
2086,b3|b4
2087,b2
2088,b2|b3|b4
2089,b0|b1|b2|b3|b4
2090,b4
2091,b1|b2|b3|b4
2092,b0|b1
2093,b2
2094,b0|b1|b2|b3|b4
2095,b0|b1|b2|b3|b4
2096,b2|b3|b4
2097,b1|b2|b3|b4
2098,b3
2099,b1|b2|b3|b4
2100,b4
2101,b2|b3|b4
2102,b2|b4
2103,b1
2104,b1|b4
2105,b0|b3
2106,b2|b3|b4
2107,b2
2108,b2
2109,b0|b1|b2|b3|b4
2110,b0|b1|b2|b3|b4
2111,b2|b3|b4
2112,b2|b3
2113,b1|b2
2114,b0|b1|b2
2115,b3
2116,b0|b1|b2|b3|b4
2117,b0|b1|b2|b3|b4
2118,b2|b3
2119,b2|b3|b4
2120,b1|b2|b3|b4
2121,b1|b2
2122,b4
2123,b3|b4
2124,b4
2125,b2
2126,b1
2127,b4
2128,b1|b2|b3|b4
2129,b0
2130,b0|b1|b2|b3|b4
2131,b0
2132,b1|b2|b3|b4
2133,b0|b1|b2|b3|b4
2134,b0|b1|b2|b3|b4
2135,b0|b1|b2|b3|b4
2136,b1|b2|b4
2137,b1|b2
2138,b3|b4
2139,b3|b4
2140,b3
2141,b4
2142,b0|b1|b2|b3|b4
2143,b0|b1|b2|b3
2144,b4
2145,b1|b2|b3|b4
2146,b1|b2|b3|b4
2147,b1|b2|b3
2148,b2|b3|b4
2149,b0|b1
2150,b3|b4
2151,b1|b2|b3|b4
2152,b0|b1|b2|b3|b4
2153,b4
2154,b0
2155,b1
2156,b1|b2|b3|b4
2157,b4
2158,b2|b3
2159,b1|b2|b3|b4
2160,b4
2161,b0
2162,b0
2163,b0|b1|b2
2164,b0|b1|b2|b3|b4
2165,b0|b1|b2|b3|b4
2166,b1|b2|b3|b4
2167,b4
2168,b2
2169,b1|b2|b3
2170,b1|b3
2171,b2|b3|b4
2172,b0|b1|b2|b3|b4
2173,b0|b1
2174,b0|b1|b2|b3|b4
2175,b4
2176,b1
2177,b3|b4
2178,b2
2179,b2
2180,b0|b1|b2
2181,b2|b3|b4
2182,b4
2183,b0|b1|b2|b3|b4
2184,b0|b1
2185,b0|b1|b2|b3|b4
2186,b1|b2|b3|b4
2187,b1
2188,b3|b4
2189,b0|b1|b2|b3|b4
2190,b0
2191,b0|b1|b2|b3|b4
2192,b1|b2|b3|b4
2193,b3|b4
2194,b4
2195,b1|b2|b3|b4
2196,b2|b3|b4
2197,b2|b4
2198,b0|b4
2199,b0|b1|b3
2200,b0|b1|b4
2201,b1|b2|b3|b4
2202,b2|b3|b4
2203,b0
2204,b1
2205,b0|b1
2206,b0|b1|b2|b3|b4
2207,b0|b1
2208,b0|b1|b2
2209,b0
2210,b1|b2|b3
2211,b0
2212,b0|b1|b2|b3|b4
2213,b2|b3|b4
2214,b2|b3
2215,b2|b3
2216,b1
2217,b3|b4
2218,b2|b3|b4
2219,b2
2220,b0|b1|b2|b3|b4
2221,b4
2222,b1|b2|b3|b4
2223,b0|b1|b2|b3|b4
2224,b1|b2
2225,b0|b1|b2|b3
2226,b1
2227,b4
2228,b3
2229,b4
2230,b2|b3|b4
2231,b0|b1|b2|b3|b4
2232,b2
2233,b0|b1
2234,b0|b1|b2|b3|b4
2235,b2
2236,b1|b2|b3|b4
2237,b4
2238,b4
2239,b3|b4
2240,b4
2241,b4
2242,b2|b3|b4
2243,b4
2244,b3|b4
2245,b0|b1|b2
2246,b2
2247,b3|b4
2248,b2
2249,b1|b3|b4
2250,b2|b3|b4
2251,b1|b2|b3|b4
2252,b2|b4
2253,b2|b3|b4
2254,b0|b1|b2|b3|b4
2255,b4
2256,b1|b2|b3|b4
2257,b1|b2|b3|b4
2258,b3
2259,b1|b2|b3|b4
2260,b1|b2|b3
2261,b0|b1|b2|b3|b4
2262,b3|b4
2263,b4
2264,b4
2265,b1|b2
2266,b1
2267,b1|b2|b3
2268,b4
2269,b0|b1
2270,b0|b1|b2|b3|b4
2271,b1|b2|b3|b4
2272,b0
2273,b0|b1|b2|b3|b4
2274,b2|b3|b4
2275,b0|b1|b2|b3|b4
2276,b2|b3
2277,b0|b1
2278,b0|b1
2279,b3|b4
2280,b0
2281,b0|b1|b3|b4
2282,b0|b1|b2|b3
2283,b4
2284,b1|b2|b3|b4
2285,b4
2286,b3|b4
2287,b1|b2|b3|b4
2288,b0|b1|b2|b3
2289,b2|b3
2290,b0
2291,b0
2292,b0|b3|b4
2293,b0|b1|b2
2294,b1|b2|b4
2295,b0|b1|b2|b3|b4
2296,b0|b1|b2|b3|b4
2297,b4
2298,b0
2299,b1|b2|b3
2300,b2|b3|b4
2301,b3
2302,b2|b3|b4
2303,b1|b2|b3|b4
2304,b1|b2|b3|b4
2305,b1|b3
2306,b0
2307,b0|b1
2308,b2|b3|b4
2309,b0|b1|b2|b3|b4
2310,b1|b2|b3|b4
2311,b0|b1|b2|b3|b4
2312,b0|b1|b2|b3|b4
2313,b0
2314,b4
2315,b4
2316,b0|b1|b2|b3|b4
2317,b0|b1|b2|b3|b4
2318,b0|b1|b2|b3|b4
2319,b1|b2|b3|b4
2320,b1|b2
2321,b2|b4
2322,b0|b1|b2|b3|b4
2323,b1|b2|b3|b4
2324,b0|b1|b2|b3|b4
2325,b4
2326,b2|b3|b4
2327,b0|b1|b2|b3|b4
2328,b0|b2|b3|b4
2329,b1|b2|b3|b4
2330,b2
2331,b0|b1|b2|b3|b4
2332,b1
2333,b0
2334,b1|b2|b3|b4
2335,b0|b1|b4
2336,b3
2337,b1|b2|b3|b4
2338,b3
2339,b1
2340,b1|b3
2341,b0|b1|b2|b3|b4
2342,b2|b3
2343,b1|b3|b4
2344,b3|b4
2345,b1
2346,b0|b2
2347,b1|b2|b3|b4
2348,b4
2349,b4
2350,b3|b4
2351,b1|b2|b3|b4
2352,b0
2353,b4
2354,b0|b1
2355,b0
2356,b1
2357,b4
2358,b1
2359,b0|b1|b2
2360,b1|b2|b4
2361,b4
2362,b3
2363,b0|b1
2364,b1|b2|b3|b4
2365,b3
2366,b4
2367,b0|b1|b3|b4
2368,b0|b1|b2|b3|b4
2369,b3
2370,b1|b2|b3|b4
2371,b1|b2
2372,b1|b2|b3
2373,b0|b1
2374,b3|b4
2375,b2|b3|b4
2376,b4
2377,b4
2378,b2
2379,b4
2380,b0|b1|b2|b3|b4
2381,b0|b1|b2|b3|b4
2382,b0
2383,b2|b3
2384,b1|b2|b3|b4
2385,b1|b2|b3|b4
2386,b0|b1|b2
2387,b1|b2|b3|b4
2388,b4
2389,b0|b1|b2|b3
2390,b4
2391,b0|b1|b2|b3|b4
2392,b3|b4
2393,b0|b1|b2|b3|b4
2394,b0|b1
2395,b2
2396,b2|b3|b4
2397,b0|b1|b2|b3|b4
2398,b1|b2|b3|b4
2399,b0|b1|b2|b3|b4
2400,b4
2401,b4
2402,b1|b2|b3|b4
2403,b2|b3|b4
2404,b2
2405,b0|b1|b2|b3|b4
2406,b4
2407,b4
2408,b4
2409,b0|b1|b2|b3|b4
2410,b1
2411,b3
2412,b1|b2
2413,b1
2414,b1|b2|b4
2415,b0|b1|b2|b3
2416,b1|b2|b3
2417,b0|b1|b2
2418,b0|b1|b2|b3|b4
2419,b1
2420,b2|b3|b4
2421,b1|b2|b3|b4
2422,b0
2423,b2|b3
2424,b0
2425,b0
2426,b0
2427,b0
2428,b0|b1|b2|b3|b4
2429,b0|b1|b2|b3|b4
2430,b4
2431,b4
2432,b2
2433,b0|b1|b2
2434,b1|b3|b4
2435,b0|b1
2436,b4
2437,b1|b2|b3|b4
2438,b3
2439,b3|b4
2440,b0|b1|b2|b3|b4
2441,b2|b3
2442,b1|b2|b4
2443,b3|b4
2444,b0|b1|b2|b3|b4
2445,b4
2446,b4
2447,b2|b3|b4
2448,b3
2449,b1
2450,b3
2451,b3|b4
2452,b1|b2
2453,b0|b2
2454,b1|b2|b3|b4
2455,b1
2456,b0|b1|b2
2457,b2|b3|b4
2458,b0|b1|b2|b3|b4
2459,b3|b4
2460,b4
2461,b0|b1|b2|b3|b4
2462,b0
2463,b1
2464,b1|b3
2465,b0|b1|b2|b3|b4
2466,b1|b2|b3|b4
2467,b3|b4
2468,b0|b1|b2
2469,b2
2470,b0
2471,b0|b1
2472,b3
2473,b0|b1|b2|b3|b4
2474,b1|b2|b3|b4
2475,b3
2476,b1|b2|b3|b4
2477,b2|b3|b4
2478,b3
2479,b0|b1|b2|b3|b4
2480,b0|b1|b2|b3|b4
2481,b0|b1
2482,b2|b3|b4
2483,b1|b2|b3|b4
2484,b4
2485,b0
2486,b0|b1|b2|b3|b4
2487,b0|b2
2488,b0|b1
2489,b0|b1|b2|b3|b4
2490,b2|b3|b4
2491,b0|b1|b2|b3|b4
2492,b3|b4
2493,b1|b3|b4
2494,b4
2495,b3
2496,b1|b2|b3|b4
2497,b1|b2
2498,b1
2499,b0|b1|b2|b3|b4
2500,b3
2501,b1
2502,b1|b2|b3|b4
2503,b4
2504,b0|b1
2505,b0|b2
2506,b1|b2|b3|b4
2507,b4
2508,b1
2509,b0|b3|b4
2510,b0|b1|b2|b3|b4
2511,b1|b4
2512,b0
2513,b2|b3|b4
2514,b0|b1|b3|b4
2515,b0
2516,b4
2517,b1|b2|b3|b4
2518,b0|b1|b2|b3|b4
2519,b1|b2|b3|b4
2520,b4
2521,b1|b2|b3|b4
2522,b0|b1|b2|b3|b4
2523,b0|b4
2524,b4
2525,b1|b2
2526,b3
2527,b0
2528,b1|b2
2529,b3
2530,b1
2531,b3
2532,b3|b4
2533,b3
2534,b3
2535,b0|b1|b2|b3|b4
2536,b0|b1
2537,b0|b3
2538,b0|b1|b2
2539,b1|b2|b3|b4
2540,b0|b1|b3
2541,b1|b3|b4
2542,b2|b3
2543,b3|b4
2544,b0|b1|b4
2545,b0|b1|b2|b3|b4
2546,b0|b1|b2
2547,b1|b2|b3|b4
2548,b4
2549,b3|b4
2550,b0|b1
2551,b3|b4
2552,b1|b2|b3|b4
2553,b2|b3
2554,b0|b1|b4
2555,b3
2556,b4
2557,b4
2558,b0|b1|b2|b3|b4
2559,b3
2560,b4
2561,b4
2562,b3
2563,b0|b1|b2|b3|b4
2564,b1
2565,b0|b1|b2
2566,b0|b1|b2
2567,b2
2568,b4
2569,b3|b4
2570,b2|b3|b4
2571,b0
2572,b0|b1|b2|b3|b4
2573,b2|b3
2574,b0|b2
2575,b0|b4
2576,b1|b2|b3
2577,b0|b1|b2|b3|b4
2578,b2|b3|b4
2579,b2|b3|b4
2580,b2|b3|b4
2581,b2
2582,b0
2583,b2|b3|b4
2584,b1|b3|b4
2585,b2|b3|b4
2586,b3
2587,b1|b2|b3|b4
2588,b0
2589,b0|b1|b2|b3|b4
2590,b1|b2|b3
2591,b3|b4
2592,b2|b3|b4
2593,b0|b1|b2|b3
2594,b0
2595,b0|b1|b2|b3|b4
2596,b2|b3
2597,b2|b3|b4
2598,b2|b3|b4
2599,b1|b2|b3|b4
2600,b0|b1|b2|b3|b4
2601,b2|b3|b4
2602,b1
2603,b1|b2|b3|b4
2604,b2
2605,b0|b1|b2|b3|b4
2606,b0|b1|b2|b3|b4
2607,b1|b2|b3|b4
2608,b0|b1|b2|b3
2609,b4
2610,b1|b2|b3|b4
2611,b0|b1|b2|b3
2612,b0|b2|b3
2613,b3
2614,b0
2615,b0|b1|b2|b3|b4
2616,b2|b3|b4
2617,b1|b2|b3|b4
2618,b0|b1
2619,b0
2620,b1|b2|b3|b4
2621,b2
2622,b0|b1|b2|b3|b4
2623,b3
2624,b0|b1|b2|b4
2625,b1
2626,b1|b2|b4
2627,b2|b3|b4
2628,b1|b2|b3|b4
2629,b1
2630,b0|b1
2631,b1|b2|b3|b4
2632,b4
2633,b0
2634,b4
2635,b4
2636,b0|b1|b2|b3|b4
2637,b1|b2|b3|b4
2638,b4
2639,b0|b1|b2|b3|b4
2640,b1
2641,b0|b1|b2|b3
2642,b0|b1|b2|b4
2643,b0
2644,b1|b2|b3
2645,b0|b1|b2
2646,b0|b1|b2|b3|b4
2647,b0|b4
2648,b0|b1|b2|b3|b4
2649,b1|b3|b4
2650,b2|b4
2651,b4
2652,b4
2653,b0|b1|b2|b3|b4
2654,b0|b4
2655,b0
2656,b0
2657,b1|b2|b3|b4
2658,b3|b4
2659,b1|b4
2660,b0|b1|b4
2661,b0|b2|b3
2662,b3
2663,b1|b2|b3|b4
2664,b3|b4
2665,b4
2666,b0|b4
2667,b0|b1
2668,b2|b4
2669,b3
2670,b2|b3|b4
2671,b1|b2|b3
2672,b2|b3
2673,b1|b2
2674,b0|b1|b4
2675,b1|b3|b4
2676,b0|b2|b3
2677,b0|b1|b2|b3|b4
2678,b4
2679,b2|b3
2680,b0
2681,b0
2682,b1|b2|b3|b4
2683,b1
2684,b1
2685,b4
2686,b4
2687,b0|b1|b2|b3|b4
2688,b1|b2|b3|b4
2689,b1|b2|b3|b4
2690,b0|b1|b3
2691,b1
2692,b0|b1|b2|b3
2693,b2|b3|b4
2694,b4
2695,b0|b1
2696,b1|b2|b3|b4
2697,b0|b2|b3|b4
2698,b1
2699,b2|b3
2700,b3|b4
2701,b4
2702,b0|b1|b2|b3|b4
2703,b0
2704,b2|b3|b4
2705,b4
2706,b0|b1|b2|b3|b4
2707,b3|b4
2708,b4
2709,b0|b1|b2
2710,b1
2711,b0|b1|b2|b3|b4
2712,b0|b3|b4
2713,b1|b2
2714,b0
2715,b2|b3
2716,b0|b2|b3|b4
2717,b0|b1|b2|b3|b4
2718,b1|b2|b3|b4
2719,b2|b3
2720,b2|b3|b4
2721,b4
2722,b2|b3|b4
2723,b0|b1|b2|b3|b4
2724,b3
2725,b1
2726,b4
2727,b3|b4
2728,b3|b4
2729,b0
2730,b0|b1
2731,b2|b3|b4
2732,b4
2733,b0|b1|b2
2734,b2|b3
2735,b0|b1|b2|b3|b4
2736,b3|b4
2737,b3
2738,b3|b4
2739,b0|b2|b3|b4
2740,b1
2741,b3|b4
2742,b1|b2
2743,b2|b3|b4
2744,b3|b4
2745,b0
2746,b0|b1|b2|b3|b4
2747,b0|b3
2748,b0|b1
2749,b0|b1|b2|b3|b4
2750,b2
2751,b0|b1|b2
2752,b0|b1|b2|b3|b4
2753,b4
2754,b0|b1|b2
2755,b1|b2|b3|b4
2756,b2|b3|b4
2757,b2|b3|b4
2758,b0
2759,b1|b4
2760,b4
2761,b0|b1|b2|b3|b4
2762,b0
2763,b2|b3|b4
2764,b0|b2|b3|b4
2765,b1|b4
2766,b0|b1
2767,b0|b1
2768,b0|b2|b3
2769,b2|b3
2770,b1|b2
2771,b0
2772,b2|b3|b4
2773,b0
2774,b1|b2|b3|b4
2775,b1|b4
2776,b4
2777,b2|b3|b4
2778,b3|b4
2779,b0|b1|b2|b3|b4
2780,b4
2781,b2|b3
2782,b1
2783,b2|b3|b4
2784,b2
2785,b1
2786,b0|b1|b2|b3|b4
2787,b0|b1|b2
2788,b3|b4
2789,b1
2790,b1|b2|b4
2791,b0|b1|b2|b3|b4
2792,b2|b3|b4
2793,b0|b1|b2|b3|b4
2794,b3|b4
2795,b4
2796,b0
2797,b0|b1|b3|b4
2798,b0
2799,b0|b1|b2|b3|b4
2800,b2|b3
2801,b1
2802,b1|b2|b3
2803,b2|b3
2804,b1|b2|b3|b4
2805,b0|b1|b2|b3|b4
2806,b1
2807,b2
2808,b0|b1|b2|b3|b4
2809,b4
2810,b1|b2
2811,b0|b1|b2|b3
2812,b1|b2
2813,b0
2814,b2|b3
2815,b4
2816,b1|b2|b3|b4
2817,b0|b1|b2|b3|b4
2818,b4
2819,b2|b3
2820,b1
2821,b1|b2|b3
2822,b4
2823,b1
2824,b0
2825,b1|b2|b3|b4
2826,b1|b2|b3|b4
2827,b0
2828,b1|b2|b3|b4
2829,b0|b1
2830,b3
2831,b0|b1|b2
2832,b0|b1|b3|b4
2833,b0
2834,b0|b1|b2|b3|b4
2835,b3
2836,b0|b1|b2|b3|b4
2837,b3
2838,b4
2839,b0|b1|b2|b3|b4
2840,b0|b1
2841,b0|b1|b2|b3|b4
2842,b2|b3|b4
2843,b0|b3|b4
2844,b4
2845,b2|b3|b4
2846,b3|b4
2847,b4
2848,b0|b1|b2|b3|b4
2849,b4
2850,b0|b1
2851,b0|b1
2852,b0|b1|b2|b3|b4
2853,b3
2854,b1|b2|b4
2855,b0|b1|b2|b3|b4
2856,b0|b2|b3|b4
2857,b0|b1|b2|b3|b4
2858,b3
2859,b3|b4
2860,b0|b1
2861,b0|b1|b4
2862,b3
2863,b2|b3|b4
2864,b0
2865,b2|b4
2866,b2|b3|b4
2867,b0|b1|b2|b3
2868,b1|b2
2869,b3|b4
2870,b0
2871,b2|b3|b4
2872,b4
2873,b2
2874,b1|b2|b3
2875,b1
2876,b4
2877,b1|b2|b3
2878,b0|b1|b2|b3|b4
2879,b3
2880,b2|b3|b4
2881,b4
2882,b0|b1
2883,b2|b3|b4
2884,b1|b2|b3
2885,b0|b1|b2|b3|b4
2886,b0|b1|b2
2887,b2
2888,b0|b1
2889,b0|b1|b2|b4
2890,b0|b3|b4
2891,b1|b2|b3|b4
2892,b1|b2
2893,b1|b2|b3|b4
2894,b1|b2
2895,b1
2896,b3|b4
2897,b2|b3|b4
2898,b3|b4
2899,b0|b1|b3|b4
2900,b0|b2|b3|b4
2901,b2
2902,b2|b3|b4
2903,b0|b1|b3
2904,b0
2905,b0|b1|b2|b3|b4
2906,b0|b1|b2|b3|b4
2907,b4
2908,b0|b1|b2|b3|b4
2909,b2
2910,b3|b4
2911,b3|b4
2912,b0|b1|b2|b3|b4
2913,b4
2914,b1
2915,b0
2916,b2|b3|b4
2917,b3|b4
2918,b2|b3|b4
2919,b1|b2
2920,b1|b2|b3|b4
2921,b0|b1
2922,b2|b3|b4
2923,b1|b4
2924,b2|b3|b4
2925,b0
2926,b0|b3|b4
2927,b1
2928,b4
2929,b1|b2|b4
2930,b1|b2|b3|b4
2931,b0
2932,b1
2933,b2|b3|b4
2934,b0|b1|b2|b3|b4
2935,b1|b2|b3|b4
2936,b3
2937,b1|b2|b3|b4
2938,b3|b4
2939,b4
2940,b2
2941,b1
2942,b0|b1|b2|b3|b4
2943,b3|b4
2944,b2|b3|b4
2945,b2|b3
2946,b2|b3|b4
2947,b0|b1|b3
2948,b1
2949,b0|b1|b2|b3
2950,b1|b2
2951,b2|b3|b4
2952,b1|b2|b3|b4
2953,b1|b2|b3|b4
2954,b3
2955,b3|b4
2956,b1|b2|b3|b4
2957,b0|b1|b2|b3
2958,b0|b1|b2|b3|b4
2959,b0
2960,b3
2961,b2
2962,b0|b1
2963,b4
2964,b0
2965,b0|b1|b2|b3|b4
2966,b4
2967,b3|b4
2968,b2|b3|b4
2969,b1
2970,b0
2971,b2|b3|b4
2972,b4
2973,b1|b3
2974,b3
2975,b0|b1|b2|b3|b4
2976,b4
2977,b0|b1
2978,b0|b2|b3|b4
2979,b1|b2|b3|b4
2980,b0|b2|b3|b4
2981,b0|b1|b2|b3|b4
2982,b0
2983,b4
2984,b0
2985,b3|b4
2986,b3
2987,b1|b2|b3|b4
2988,b0
2989,b1|b2|b3|b4
2990,b3
2991,b1|b2|b3|b4
2992,b4
2993,b4
2994,b4
2995,b1|b2|b3|b4
2996,b0
2997,b4
2998,b0|b1|b2|b3|b4
2999,b2|b3|b4
3000,b0
3001,b0
3002,b0|b1|b4
3003,b4
3004,b0|b2|b3
3005,b0
3006,b2|b3|b4
3007,b2
3008,b0|b1|b3
3009,b4
3010,b2|b3|b4
3011,b2|b3|b4
3012,b1|b3
3013,b1|b2
3014,b0|b1|b2|b3|b4
3015,b3|b4
3016,b1|b2
3017,b0|b1|b2|b3|b4
3018,b3
3019,b1|b3|b4
3020,b4
3021,b1|b2|b3|b4
3022,b1|b2|b3|b4
3023,b4
3024,b0
3025,b2|b3|b4
3026,b0|b1|b2|b4
3027,b1|b2|b3|b4
3028,b3|b4
3029,b0|b1
3030,b1|b2
3031,b1|b2|b3|b4
3032,b2|b3|b4
3033,b2|b3
3034,b4
3035,b0
3036,b1|b2|b3|b4
3037,b0|b1|b2
3038,b0
3039,b2|b3|b4
3040,b0
3041,b1|b3|b4
3042,b2
3043,b0
3044,b3
3045,b1|b2|b3|b4
3046,b4
3047,b3|b4
3048,b1|b2|b3|b4
3049,b4
3050,b1|b4
3051,b4
3052,b3|b4
3053,b0|b1|b2|b3|b4
3054,b3|b4
3055,b4
3056,b2
3057,b3
3058,b1|b2|b3|b4
3059,b2|b3|b4
3060,b4
3061,b0|b1
3062,b3
3063,b2|b3|b4
3064,b3
3065,b3|b4
3066,b2|b4
3067,b0|b1|b2|b3|b4
3068,b0|b2
3069,b4
3070,b0|b3|b4
3071,b0
3072,b0|b1|b2|b3|b4
3073,b0|b1|b2|b3|b4
3074,b3
3075,b4
3076,b3|b4
3077,b4
3078,b1|b2
3079,b0
3080,b1
3081,b3
3082,b1|b4
3083,b2|b3|b4
3084,b0|b3
3085,b2|b3|b4
3086,b3|b4
3087,b3|b4
3088,b4
3089,b4
3090,b2|b3
3091,b0
3092,b3
3093,b1
3094,b0|b1|b2|b3|b4
3095,b4
3096,b0
3097,b0|b1|b2|b3
3098,b1
3099,b2
3100,b1
3101,b0|b1|b2|b3|b4
3102,b0|b1|b2
3103,b4
3104,b0
3105,b4
3106,b2|b3|b4
3107,b0|b1|b2
3108,b0|b1|b2|b3|b4
3109,b4
3110,b4
3111,b0|b4
3112,b4
3113,b3
3114,b1|b2|b4
3115,b1|b2|b3|b4
3116,b2
3117,b1|b2|b3|b4
3118,b0|b1|b2|b3|b4
3119,b4
3120,b0|b1|b3
3121,b2
3122,b4
3123,b0|b1|b2|b3|b4
3124,b0|b1|b2|b3|b4
3125,b1|b2|b3|b4
3126,b1|b2|b3|b4
3127,b0
3128,b0|b1
3129,b0|b1|b2
3130,b0|b1|b2|b3|b4
3131,b2|b4
3132,b2|b3
3133,b1|b2
3134,b1
3135,b0|b1|b2|b3|b4
3136,b0|b1|b2|b3|b4
3137,b3|b4
3138,b0
3139,b3
3140,b3|b4
3141,b2|b3|b4
3142,b4
3143,b1|b2
3144,b4
3145,b3|b4
3146,b2|b3
3147,b1
3148,b0|b1
3149,b3|b4
3150,b0|b1|b2|b4
3151,b0
3152,b1|b2|b3
3153,b0|b2|b4
3154,b2|b3|b4
3155,b4
3156,b0
3157,b1
3158,b4
3159,b1
3160,b2|b4
3161,b1|b2|b3
3162,b0|b1|b2
3163,b3
3164,b1|b3|b4
3165,b4
3166,b0
3167,b1|b2|b3|b4
3168,b1|b3|b4
3169,b0|b1|b4
3170,b2|b3|b4
3171,b0
3172,b1
3173,b2|b4
3174,b0|b2|b3|b4
3175,b0|b1|b2|b3
3176,b1|b2|b3|b4
3177,b3|b4
3178,b0
3179,b0|b1|b4
3180,b4
3181,b0
3182,b0|b1|b2
3183,b0|b1|b2|b3|b4
3184,b0|b1|b2|b3|b4
3185,b4
3186,b3
3187,b1|b2|b3|b4
3188,b3
3189,b2|b3|b4
3190,b1|b2|b3|b4
3191,b4
3192,b0|b1|b2|b3
3193,b1|b2|b3|b4
3194,b0|b1|b2|b3|b4
3195,b2|b3
3196,b1|b3|b4
3197,b0|b1|b3
3198,b1|b3
3199,b2|b3
3200,b4
3201,b3|b4
3202,b0|b1|b4
3203,b3|b4
3204,b1
3205,b0|b1|b2|b3|b4
3206,b4
3207,b0
3208,b0
3209,b0|b1|b2|b3|b4
3210,b1|b2
3211,b0
3212,b1|b2|b3|b4
3213,b2
3214,b2|b3|b4
3215,b1|b2|b3
3216,b1|b2|b3|b4
3217,b0|b1
3218,b4
3219,b3
3220,b1|b2|b3|b4
3221,b3
3222,b3
3223,b4
3224,b3|b4
3225,b0
3226,b2|b3
3227,b0|b1
3228,b1
3229,b2|b3|b4
3230,b1|b2|b3
3231,b4
3232,b1
3233,b0|b1
3234,b2|b3|b4
3235,b4
3236,b2|b4
3237,b3|b4
3238,b0|b1|b2|b3|b4
3239,b4
3240,b0|b1|b3|b4
3241,b1
3242,b1
3243,b0
3244,b0
3245,b4
3246,b3|b4
3247,b4
3248,b3|b4
3249,b3
3250,b1|b2|b3|b4
3251,b0
3252,b4
3253,b0|b1|b2|b3|b4
3254,b3
3255,b0|b2|b3
3256,b0
3257,b4
3258,b1|b2|b3|b4
3259,b0|b1
3260,b1|b4
3261,b0|b1|b2|b3|b4
3262,b3|b4
3263,b1
3264,b0|b1|b2|b4
3265,b2|b3
3266,b0
3267,b2
3268,b1|b2|b3|b4
3269,b2|b3|b4
3270,b1|b2|b3|b4
3271,b2|b3|b4
3272,b4
3273,b1|b2|b3|b4
3274,b0|b1|b3|b4
3275,b0
3276,b4
3277,b3
3278,b2|b3|b4
3279,b2
3280,b0|b1
3281,b0|b1|b2
3282,b1|b2|b3|b4
3283,b0|b2|b3|b4
3284,b0|b1|b3|b4
3285,b0|b1|b2|b3|b4
3286,b4
3287,b0|b1|b2|b3|b4
3288,b1|b2|b3|b4
3289,b1|b2|b3
3290,b2
3291,b3|b4
3292,b3
3293,b0
3294,b0|b1
3295,b0|b1|b2|b3|b4
3296,b4
3297,b2|b3
3298,b0|b1|b2|b3
3299,b4
3300,b4
3301,b2|b4
3302,b0
3303,b4
3304,b1|b3|b4
3305,b1|b2|b3
3306,b3
3307,b0|b1|b2|b3|b4
3308,b4
3309,b3
3310,b1|b2
3311,b2|b3|b4
3312,b0|b1|b2|b3|b4
3313,b0|b1|b2
3314,b2|b3
3315,b1|b2|b3
3316,b1|b2|b3|b4
3317,b0
3318,b0
3319,b2|b3
3320,b0
3321,b3|b4
3322,b2|b3|b4
3323,b0|b4
3324,b2|b3
3325,b3|b4
3326,b0|b1|b2|b3|b4
3327,b2|b4
3328,b1
3329,b1|b2
3330,b2|b4
3331,b1|b2|b3|b4
3332,b0|b3
3333,b2|b3
3334,b3
3335,b1|b2|b3|b4
3336,b0
3337,b0
3338,b0|b1|b2|b3|b4
3339,b2
3340,b1
3341,b1|b2|b3|b4
3342,b1|b2|b4
3343,b4
3344,b3|b4
3345,b2|b3
3346,b4
3347,b0
3348,b1|b2|b3|b4
3349,b0|b1
3350,b2
3351,b2|b3|b4
3352,b0|b1|b2|b3|b4
3353,b2|b3
3354,b1|b2|b3|b4
3355,b1
3356,b2|b3|b4
3357,b1|b2|b3|b4
3358,b4
3359,b2
3360,b1|b2|b3|b4
3361,b3|b4
3362,b3|b4
3363,b0|b1|b2|b3|b4
3364,b3
3365,b3|b4
3366,b2|b3|b4
3367,b1
3368,b2|b3
3369,b2
3370,b2|b3|b4
3371,b1|b2|b3
3372,b1|b2|b3|b4
3373,b0|b1|b2|b3|b4
3374,b3|b4
3375,b2
3376,b1|b2|b3
3377,b0|b1
3378,b1|b2|b3|b4
3379,b0|b1|b2|b3|b4
3380,b2|b3|b4
3381,b1|b2|b3|b4
3382,b1|b2|b3|b4
3383,b3|b4
3384,b3|b4
3385,b2|b4
3386,b2|b3|b4
3387,b4
3388,b1|b2|b3|b4
3389,b0
3390,b0|b1|b2|b3|b4
3391,b0|b1|b2|b3|b4
3392,b0|b1|b2|b3|b4
3393,b1
3394,b2
3395,b4
3396,b3
3397,b3
3398,b1
3399,b1|b2|b3|b4
3400,b1|b2|b3|b4
3401,b1|b3|b4
3402,b0|b1
3403,b0|b1|b2|b3|b4
3404,b3|b4
3405,b0|b1|b2|b3|b4
3406,b0|b2|b3
3407,b1
3408,b0|b1|b2|b3|b4
3409,b3
3410,b3
3411,b0
3412,b2|b3|b4
3413,b4
3414,b4
3415,b1|b2|b3|b4
3416,b4
3417,b1
3418,b2|b3|b4
3419,b4
3420,b4
3421,b4
3422,b1|b2|b3|b4
3423,b0|b1|b2|b3
3424,b1|b2|b4
3425,b3
3426,b4
3427,b2|b3|b4
3428,b1|b2
3429,b4
3430,b0|b3|b4
3431,b4
3432,b1|b3|b4
3433,b4
3434,b4
3435,b2
3436,b3|b4
3437,b1
3438,b4
3439,b2|b3|b4
3440,b4
3441,b4
3442,b1|b4
3443,b0
3444,b3|b4
3445,b0
3446,b4
3447,b2
3448,b0|b1|b2
3449,b1|b4
3450,b1|b2|b4
3451,b0|b1|b2|b3|b4
3452,b4
3453,b2|b3|b4
3454,b1|b2|b3|b4
3455,b1|b2
3456,b0|b4
3457,b3|b4
3458,b0|b2|b3|b4
3459,b0|b1|b2|b3
3460,b1|b2
3461,b4
3462,b2|b3|b4
3463,b4
3464,b2
3465,b0|b1|b2|b3|b4
3466,b0|b1|b3
3467,b1|b2
3468,b0|b1|b2|b3|b4
3469,b1
3470,b2|b3|b4
3471,b0|b1|b2|b3|b4
3472,b0|b1|b2|b3|b4
3473,b1
3474,b0|b1|b2|b3|b4
3475,b1|b2|b3|b4
3476,b0|b1|b2|b3|b4
3477,b1|b2|b3|b4
3478,b2|b3|b4
3479,b3|b4
3480,b4
3481,b2|b3|b4
3482,b0|b1|b2|b3|b4
3483,b1|b2|b3
3484,b4
3485,b0
3486,b0|b1|b2|b3
3487,b2
3488,b0|b1
3489,b2|b3|b4
3490,b3
3491,b4
3492,b2
3493,b4
3494,b4
3495,b4
3496,b0|b1|b2
3497,b1|b2|b3|b4
3498,b4
3499,b0|b1|b2
3500,b0|b2
3501,b0
3502,b3|b4
3503,b1
3504,b2|b3
3505,b2|b3|b4
3506,b3
3507,b2|b4
3508,b0|b1|b2|b3|b4
3509,b0|b1|b2|b3|b4
3510,b4
3511,b0|b1
3512,b1
3513,b0|b1|b2|b3|b4
3514,b0
3515,b0|b1|b2|b3|b4
3516,b2|b3|b4
3517,b4
3518,b4
3519,b4
3520,b0|b1|b2|b3|b4
3521,b1
3522,b0
3523,b2|b3
3524,b0|b1|b2|b3|b4
3525,b3|b4
3526,b2
3527,b1
3528,b4
3529,b0|b1
3530,b2
3531,b1|b2|b3|b4
3532,b0|b1|b2|b3|b4
3533,b0|b1|b2|b4
3534,b1|b3
3535,b0
3536,b1
3537,b3|b4
3538,b2|b3
3539,b4
3540,b0
3541,b2|b3|b4
3542,b0|b1
3543,b1|b2|b3|b4
3544,b0|b1
3545,b0|b1|b2|b3|b4
3546,b2|b3|b4
3547,b1|b2|b3|b4
3548,b1|b2|b3|b4
3549,b0|b1|b2|b3|b4
3550,b0
3551,b2|b3
3552,b0|b1
3553,b1|b2|b3|b4
3554,b0|b1|b2
3555,b2|b3|b4
3556,b0
3557,b2
3558,b1
3559,b3|b4
3560,b3|b4
3561,b3|b4
3562,b0|b3|b4
3563,b4
3564,b0|b1
3565,b1|b2|b3|b4
3566,b3
3567,b0|b1|b2|b3|b4
3568,b4
3569,b0
3570,b3|b4
3571,b3
3572,b4
3573,b0|b1|b3|b4
3574,b4
3575,b1
3576,b2|b3|b4
3577,b3
3578,b0|b1
3579,b0|b1
3580,b0|b1|b2|b3|b4
3581,b4
3582,b1|b2|b3|b4
3583,b0|b1|b2|b3|b4
3584,b2|b3
3585,b0|b1|b2|b3|b4
3586,b0|b1|b2|b3|b4
3587,b2|b3|b4
3588,b0|b1|b2|b3|b4
3589,b1|b3|b4
3590,b1
3591,b4
3592,b0|b1|b2|b3
3593,b0
3594,b1|b2|b3|b4
3595,b0|b1|b2|b3|b4
3596,b1|b2|b3|b4
3597,b1
3598,b1
3599,b0
3600,b3
3601,b1|b3|b4
3602,b0
3603,b1|b2|b3|b4
3604,b4
3605,b0
3606,b4
3607,b4
3608,b0|b4
3609,b0
3610,b4
3611,b3|b4
3612,b0
3613,b0|b1
3614,b1|b2|b3
3615,b0
3616,b3
3617,b4
3618,b4
3619,b0|b1|b2|b3|b4
3620,b0
3621,b0|b1|b3|b4
3622,b0|b1|b2|b3|b4
3623,b4
3624,b0|b1|b2|b3|b4
3625,b0|b4
3626,b2
3627,b0|b1
3628,b0|b1
3629,b3|b4
3630,b2|b4
3631,b0|b1|b2|b3
3632,b0|b1
3633,b1|b2|b3
3634,b0|b1|b2
3635,b4
3636,b2|b3|b4
3637,b3
3638,b0|b1|b2|b3|b4
3639,b1
3640,b0|b1
3641,b3
3642,b3
3643,b0|b2|b3|b4
3644,b3
3645,b0
3646,b0|b1|b2
3647,b0|b1|b2|b3|b4
3648,b2
3649,b2
3650,b0
3651,b0|b1
3652,b2|b3|b4
3653,b3|b4
3654,b0|b1
3655,b4
3656,b1|b2|b3
3657,b2|b3|b4
3658,b0|b1|b2|b3
3659,b1|b2|b4
3660,b3|b4
3661,b1
3662,b1
3663,b1
3664,b0|b2
3665,b3
3666,b3|b4
3667,b3|b4
3668,b3
3669,b2|b3
3670,b0
3671,b1|b2|b3|b4
3672,b3|b4
3673,b4
3674,b2
3675,b1|b3|b4
3676,b3
3677,b0|b1
3678,b3
3679,b0|b1|b2
3680,b2|b3
3681,b2|b4
3682,b0|b3|b4
3683,b0|b1
3684,b1|b2
3685,b4
3686,b0|b2|b3
3687,b1|b3|b4
3688,b1|b2|b3
3689,b3|b4
3690,b4
3691,b0|b1
3692,b1|b2|b3|b4
3693,b2|b3|b4
3694,b1|b2|b3|b4
3695,b1|b2|b3
3696,b0|b1|b2|b3
3697,b2|b3|b4
3698,b1|b3|b4
3699,b0|b2|b3
3700,b0|b2|b3
3701,b3
3702,b2|b3
3703,b3|b4
3704,b1
3705,b1|b2|b4
3706,b3|b4
3707,b1|b2|b3|b4
3708,b2
3709,b1
3710,b4
3711,b3
3712,b3|b4
3713,b4
3714,b1|b3
3715,b2|b3|b4
3716,b0
3717,b0|b1|b2|b3|b4
3718,b0|b1|b2|b3|b4
3719,b1|b2|b3
3720,b3
3721,b0
3722,b0
3723,b0|b1|b4
3724,b2
3725,b0|b1|b2|b4
3726,b1|b3
3727,b1|b2|b3|b4
3728,b1
3729,b1|b2|b3
3730,b0|b1|b2|b3|b4
3731,b1|b3|b4
3732,b2
3733,b3
3734,b4
3735,b1|b2|b3|b4
3736,b0|b1|b3|b4
3737,b0|b1
3738,b0|b1|b2|b3|b4
3739,b2|b3|b4
3740,b2|b3|b4
3741,b3|b4
3742,b1|b2|b3|b4
3743,b0|b1|b2|b3|b4
3744,b0
3745,b0
3746,b2|b3|b4
3747,b4
3748,b1
3749,b0|b2
3750,b3
3751,b1|b2|b3
3752,b1|b2|b3|b4
3753,b2
3754,b2|b3|b4
3755,b0
3756,b4
3757,b3
3758,b2
3759,b2|b4
3760,b0|b1|b2|b3|b4
3761,b0|b1|b3
3762,b1|b2|b3|b4
3763,b2|b3|b4
3764,b0|b1|b2|b3
3765,b4
3766,b3|b4
3767,b2
3768,b1
3769,b1|b2|b3
3770,b4
3771,b0
3772,b1|b2
3773,b0|b1
3774,b0|b1
3775,b0|b1|b2
3776,b0|b1|b2|b3|b4
3777,b0|b1|b2
3778,b1|b2|b3|b4
3779,b2|b3|b4
3780,b0|b1|b2|b3|b4
3781,b1|b2|b3|b4
3782,b2
3783,b2
3784,b0|b1|b3
3785,b3
3786,b1
3787,b0|b2
3788,b2|b3|b4
3789,b1
3790,b3
3791,b1|b2|b3|b4
3792,b0|b1
3793,b4
3794,b0|b1
3795,b3|b4
3796,b1
3797,b4
3798,b0|b1
3799,b2|b4
3800,b0|b1|b2|b3|b4
3801,b1|b2|b3|b4
3802,b1|b2
3803,b2|b3|b4
3804,b2
3805,b1|b2|b3|b4
3806,b1|b2|b3
3807,b3|b4
3808,b1|b2|b3|b4
3809,b1|b2|b3|b4
3810,b0|b1|b2
3811,b0|b1
3812,b0|b1
3813,b1|b2|b3
3814,b0
3815,b0|b1|b2|b3|b4
3816,b0|b1|b2|b3|b4
3817,b2|b3
3818,b0|b1
3819,b0|b2|b3|b4
3820,b2|b3|b4
3821,b4
3822,b1|b2|b3|b4
3823,b0|b1|b2|b3|b4
3824,b1|b2|b3
3825,b1|b2|b3|b4
3826,b4
3827,b0|b1|b2|b3|b4
3828,b1
3829,b1|b2|b3|b4
3830,b1|b2
3831,b0|b1
3832,b1
3833,b1|b2|b4
3834,b3|b4
3835,b3|b4
3836,b4
3837,b1|b2|b3|b4
3838,b0|b1
3839,b3
3840,b2|b3|b4
3841,b0|b1
3842,b3|b4
3843,b4
3844,b2
3845,b1|b2|b3
3846,b0
3847,b2|b4
3848,b2
3849,b4
3850,b1|b2
3851,b1|b2|b3|b4
3852,b0
3853,b1|b2|b3|b4
3854,b1|b2|b3|b4
3855,b2|b3|b4
3856,b2|b3|b4
3857,b2|b3|b4
3858,b0|b1|b2|b3|b4
3859,b1|b2|b3|b4
3860,b2
3861,b2
3862,b2|b3|b4
3863,b2
3864,b1
3865,b2|b3|b4
3866,b0|b1|b2|b3
3867,b0
3868,b1|b2|b3|b4
3869,b4
3870,b1|b2|b3|b4
3871,b0
3872,b4
3873,b0
3874,b0|b1
3875,b0|b2|b4
3876,b1|b2|b3|b4
3877,b1|b3
3878,b2|b3|b4
3879,b1|b2
3880,b1|b2|b3
3881,b0|b1|b2|b3|b4
3882,b1|b2|b3|b4
3883,b1
3884,b2|b3|b4
3885,b2
3886,b2
3887,b3
3888,b1|b2|b3|b4
3889,b0|b1
3890,b3
3891,b2
3892,b3
3893,b0|b1|b2
3894,b2|b4
3895,b1|b2|b3|b4
3896,b0|b1|b2|b3|b4
3897,b4
3898,b0|b1
3899,b2|b4
3900,b1
3901,b0|b1|b2|b3|b4
3902,b3|b4
3903,b0|b1
3904,b4
3905,b1|b2
3906,b3
3907,b2|b3
3908,b0|b1|b2|b3|b4
3909,b0|b1|b2
3910,b0|b4
3911,b2|b3|b4
3912,b1|b2|b3|b4
3913,b3|b4
3914,b0
3915,b2|b3|b4
3916,b0
3917,b3
3918,b1|b2|b3|b4
3919,b0
3920,b0|b1|b2|b3|b4
3921,b3|b4
3922,b2|b3
3923,b3|b4
3924,b0|b1
3925,b0|b1|b2|b3|b4
3926,b3|b4
3927,b2
3928,b3|b4
3929,b0
3930,b1|b3|b4
3931,b1|b2|b3
3932,b0|b1|b2|b3|b4
3933,b2|b3
3934,b3
3935,b0|b1|b2
3936,b4
3937,b1
3938,b3|b4
3939,b1|b2
3940,b2
3941,b0|b1
3942,b1|b2|b4
3943,b4
3944,b1|b2
3945,b0|b2
3946,b1|b3|b4
3947,b4
3948,b1|b3|b4
3949,b0|b1|b2|b3|b4
3950,b4
3951,b1|b4
3952,b3
3953,b0
3954,b1|b2
3955,b2|b4
3956,b0
3957,b1|b2|b4
3958,b0|b1|b2
3959,b1|b2|b3|b4
3960,b1|b2|b3|b4
3961,b0|b1|b2|b3|b4
3962,b3
3963,b4
3964,b1|b2|b3|b4
3965,b3
3966,b1
3967,b2|b3|b4
3968,b0|b1|b2|b3|b4
3969,b1|b2|b3|b4
3970,b1|b2|b3|b4
3971,b4
3972,b0|b1|b2
3973,b2|b3|b4
3974,b3|b4
3975,b0|b1
3976,b3|b4
3977,b1|b2|b3|b4
3978,b1|b2|b3|b4
3979,b1
3980,b2|b3|b4
3981,b1|b2|b3|b4
3982,b3|b4
3983,b0|b1|b2|b3|b4
3984,b1|b2|b3|b4
3985,b0|b2|b3
3986,b0|b1|b2|b3|b4
3987,b0
3988,b0|b2|b3
3989,b0|b1|b2|b3
3990,b3
3991,b2|b4
3992,b4
3993,b0|b1|b2
3994,b0
3995,b0
3996,b4
3997,b0
3998,b0|b3|b4
3999,b0
4000,b0
4001,b4
4002,b0|b1|b2|b3|b4
4003,b1|b2|b3|b4
4004,b0|b1|b2|b3|b4
4005,b4
4006,b0|b1|b3
4007,b0|b1|b2
4008,b0
4009,b2|b3
4010,b1|b2|b3|b4
4011,b0|b1|b2|b3|b4
4012,b0|b1|b2|b3|b4
4013,b0|b3|b4
4014,b1
4015,b3|b4
4016,b0|b1|b2|b3|b4
4017,b0|b1|b2
4018,b0|b1|b2|b3|b4
4019,b1|b2|b3|b4
4020,b0|b3
4021,b0|b1
4022,b4
4023,b1|b2
4024,b1|b2|b3
4025,b1|b2|b4
4026,b4
4027,b0|b1|b2|b3|b4
4028,b0|b1|b2|b3|b4
4029,b0|b1|b2
4030,b0|b1|b3|b4
4031,b0|b1|b2
4032,b0
4033,b1|b2|b3|b4
4034,b2|b4
4035,b0|b1|b2|b3
4036,b4
4037,b4
4038,b1|b2|b3|b4
4039,b0|b1|b2|b3|b4
4040,b0|b1|b2|b3|b4
4041,b1|b4
4042,b1|b2|b4
4043,b2|b3|b4
4044,b0|b1|b2|b3|b4
4045,b0|b1|b2|b3|b4
4046,b1|b3|b4
4047,b1|b2|b3|b4
4048,b0|b1
4049,b0|b1
4050,b1|b2|b3|b4
4051,b1|b2|b3|b4
4052,b1
4053,b1|b2
4054,b1|b2|b3|b4
4055,b2|b3
4056,b0|b2
4057,b3
4058,b0|b3
4059,b1|b2|b3|b4
4060,b2|b3
4061,b4
4062,b3
4063,b0
4064,b0|b1|b4
4065,b0|b1|b2|b3|b4
4066,b2
4067,b1|b2|b3|b4
4068,b0|b1
4069,b0
4070,b1|b2
4071,b0
4072,b0|b1|b2
4073,b0|b1|b2|b3|b4
4074,b1|b2|b3|b4
4075,b2
4076,b0|b2|b3|b4
4077,b4
4078,b4
4079,b2|b3|b4
4080,b4
4081,b1|b2|b3|b4
4082,b4
4083,b3|b4
4084,b4
4085,b0
4086,b2|b3|b4
4087,b3|b4
4088,b0
4089,b0|b3|b4
4090,b4
4091,b0|b1|b2
4092,b3
4093,b4
4094,b1|b2|b3|b4
4095,b0|b2|b3|b4
4096,b3|b4
4097,b0
4098,b1|b2|b3|b4
4099,b0|b1|b2|b3|b4
4100,b0|b4
4101,b0|b1
4102,b2|b3
4103,b2
4104,b0|b1|b2|b3|b4
4105,b4
4106,b2|b3|b4
4107,b0|b1|b2|b3|b4
4108,b0
4109,b0|b1|b2|b3|b4
4110,b4
4111,b4
4112,b1
4113,b0|b1|b2|b3
4114,b3|b4
4115,b1|b2
4116,b4
4117,b3|b4
4118,b1
4119,b4
4120,b0|b1|b2|b3|b4
4121,b1|b2|b3|b4
4122,b1|b2|b3|b4
4123,b4
4124,b0|b1|b2
4125,b4
4126,b3|b4
4127,b0
4128,b0|b1
4129,b2|b3|b4
4130,b0
4131,b0|b3
4132,b0|b1|b2
4133,b1
4134,b3
4135,b1|b2|b3|b4
4136,b2|b3
4137,b1|b2|b3|b4
4138,b1|b2|b3|b4
4139,b2
4140,b2
4141,b0|b1|b2|b3|b4
4142,b0|b1|b2|b3|b4
4143,b1|b2|b3
4144,b3
4145,b1|b2
4146,b2
4147,b4
4148,b1
4149,b3
4150,b1|b2|b3
4151,b3
4152,b1
4153,b2|b3|b4
4154,b1|b2|b3|b4
4155,b1|b2|b3|b4
4156,b1|b2
4157,b1|b2
4158,b0|b1|b2|b3|b4
4159,b2|b3|b4
4160,b4
4161,b4
4162,b4
4163,b3
4164,b2|b3|b4
4165,b0
4166,b1
4167,b4
4168,b1
4169,b4
4170,b2
4171,b2|b3|b4
4172,b2|b3|b4
4173,b2
4174,b0|b1|b2|b3|b4
4175,b3
4176,b2|b3|b4
4177,b4
4178,b2|b4
4179,b1|b2
4180,b0|b1|b2|b3|b4
4181,b0|b1|b2
4182,b2|b3|b4
4183,b1|b2|b3|b4
4184,b4
4185,b2|b3|b4
4186,b2|b3|b4
4187,b2|b4
4188,b4
4189,b0|b1
4190,b2|b3|b4
4191,b0
4192,b1|b2|b3|b4
4193,b4
4194,b0|b1|b2|b3|b4
4195,b1|b2
4196,b0|b1|b2|b3|b4
4197,b3|b4
4198,b4
4199,b1|b2|b3|b4
4200,b1|b2|b3|b4
4201,b3|b4
4202,b1|b2|b3|b4
4203,b0|b1|b2
4204,b0|b1
4205,b3|b4
4206,b4
4207,b0
4208,b0|b1|b2|b3|b4
4209,b0|b1|b2|b3|b4
4210,b0
4211,b2|b3
4212,b1|b2|b3|b4
4213,b2|b3|b4
4214,b2
4215,b2|b3|b4
4216,b0|b1|b2|b3|b4
4217,b3
4218,b2
4219,b3|b4
4220,b4
4221,b0|b1|b3|b4
4222,b2|b3|b4
4223,b2
4224,b4
4225,b1|b2|b3|b4
4226,b4
4227,b4
4228,b1|b2|b3|b4
4229,b1|b2|b3|b4
4230,b2|b3
4231,b1|b2|b3|b4
4232,b1|b2|b3|b4
4233,b0|b1|b2|b3|b4
4234,b0|b1
4235,b0
4236,b0|b2|b3
4237,b4
4238,b4
4239,b4
4240,b1|b3
4241,b0|b1
4242,b2|b3|b4
4243,b0|b1|b2|b3|b4
4244,b0
4245,b1|b2|b3|b4
4246,b0|b1|b2|b3
4247,b4
4248,b1|b3
4249,b4
4250,b2|b4
4251,b0|b1|b2|b3|b4
4252,b0|b1|b4
4253,b2
4254,b1|b2|b3|b4
4255,b0
4256,b0|b3|b4
4257,b1|b2|b3
4258,b2
4259,b0|b1|b2|b3|b4
4260,b1
4261,b3|b4
4262,b2|b3
4263,b3|b4
4264,b1|b2|b3|b4
4265,b0|b1|b2|b3|b4
4266,b3|b4
4267,b0|b1|b4
4268,b1|b2|b3|b4
4269,b0
4270,b2
4271,b0|b1|b3
4272,b0|b1|b2|b3
4273,b4
4274,b3
4275,b4
4276,b0|b1|b2|b3|b4
4277,b3|b4
4278,b1|b2
4279,b4
4280,b1|b2|b3
4281,b2|b3
4282,b0|b1|b2|b3|b4
4283,b0|b1|b2|b3|b4
4284,b0|b3
4285,b1|b2|b3|b4
4286,b0
4287,b0|b1|b3|b4
4288,b1|b2|b3|b4
4289,b1|b2|b3|b4
4290,b4
4291,b0|b1
4292,b2|b3|b4
4293,b1
4294,b1|b3|b4
4295,b1|b2|b3|b4
4296,b3
4297,b2|b3|b4
4298,b3|b4
4299,b1|b2|b3|b4
4300,b1|b3|b4
4301,b3|b4
4302,b4
4303,b2
4304,b4
4305,b3
4306,b0|b1|b3|b4
4307,b2|b3
4308,b4
4309,b2
4310,b1
4311,b0|b1|b2|b3|b4
4312,b2|b3|b4
4313,b4
4314,b4
4315,b4
4316,b4
4317,b4
4318,b3|b4
4319,b2|b3|b4
4320,b1|b2
4321,b0
4322,b1|b3
4323,b0|b1
4324,b1
4325,b1|b2|b3
4326,b0|b1|b2|b3|b4
4327,b0|b1|b2|b3|b4
4328,b0|b1|b2|b3|b4
4329,b2|b4
4330,b2|b3|b4
4331,b1|b2|b3|b4
4332,b0|b1|b2|b4
4333,b1|b2
4334,b0
4335,b1|b2|b3|b4
4336,b0|b1|b2|b3|b4
4337,b1|b2|b3|b4
4338,b2
4339,b0|b1|b2|b3|b4
4340,b1|b2|b3|b4
4341,b2
4342,b1|b2
4343,b1|b2
4344,b2|b3|b4
4345,b2|b3|b4
4346,b0|b1|b2|b3|b4
4347,b4
4348,b3|b4
4349,b2|b3|b4
4350,b0|b1|b4
4351,b1|b2|b3|b4
4352,b0|b1|b2|b3|b4
4353,b0|b1
4354,b1|b2|b3|b4
4355,b3
4356,b2|b3
4357,b1|b2
4358,b2
4359,b4
4360,b2|b3|b4
4361,b1|b2
4362,b4
4363,b3
4364,b2|b3|b4
4365,b0|b1|b2|b3|b4
4366,b1|b2|b4
4367,b1
4368,b2|b3
4369,b0|b1
4370,b1|b4
4371,b0
4372,b2|b3|b4
4373,b4
4374,b3|b4
4375,b1|b2
4376,b0|b1
4377,b0
4378,b2|b4
4379,b3|b4
4380,b0
4381,b2|b3|b4
4382,b3
4383,b2|b3
4384,b3
4385,b3
4386,b2|b3|b4
4387,b1|b2|b3|b4
4388,b4
4389,b0|b1|b2|b3|b4
4390,b4
4391,b1|b2|b3|b4
4392,b1|b2|b3|b4
4393,b1|b2
4394,b3|b4
4395,b4
4396,b0|b1|b2|b3|b4
4397,b0
4398,b0
4399,b0|b1
4400,b4
4401,b2|b3
4402,b0|b1|b2|b3|b4
4403,b1
4404,b0|b1|b2
4405,b0|b1
4406,b1
4407,b0|b1|b2|b3|b4
4408,b2
4409,b2
4410,b4
4411,b1|b3
4412,b3
4413,b1|b2|b3|b4
4414,b0|b1
4415,b3|b4
4416,b1|b2
4417,b2|b3|b4
4418,b2|b3|b4
4419,b2
4420,b1|b3|b4
4421,b1|b2|b3|b4
4422,b1
4423,b3|b4
4424,b2|b4
4425,b1|b3|b4
4426,b0|b1
4427,b0|b1
4428,b2|b3|b4
4429,b3|b4
4430,b0
4431,b3|b4
4432,b0
4433,b4
4434,b3
4435,b2|b3
4436,b0|b1|b3
4437,b2
4438,b1|b2|b3|b4
4439,b3|b4
4440,b1|b2|b3
4441,b0
4442,b0
4443,b2|b3
4444,b0
4445,b1|b2|b3|b4
4446,b2|b3|b4
4447,b2
4448,b3|b4
4449,b1|b2
4450,b1
4451,b1|b3
4452,b3|b4
4453,b3|b4
4454,b1
4455,b1|b4
4456,b4
4457,b2
4458,b3|b4
4459,b3|b4
4460,b2|b3|b4
4461,b0|b1|b4
4462,b1|b2
4463,b1|b2
4464,b0|b1|b2
4465,b0|b1|b2|b3|b4
4466,b0|b1|b2|b3|b4
4467,b2|b3|b4
4468,b1|b2
4469,b4
4470,b0
4471,b0
4472,b0|b1|b2
4473,b0|b1|b2|b3|b4
4474,b4
4475,b4
4476,b0
4477,b3|b4
4478,b2|b3|b4
4479,b1|b2|b3|b4
4480,b1
4481,b1|b2|b3|b4
4482,b2|b3|b4
4483,b0|b1
4484,b3
4485,b2|b3|b4
4486,b2
4487,b2|b3|b4
4488,b1|b2
4489,b0|b1|b2
4490,b1
4491,b4
4492,b1
4493,b2
4494,b0|b1
4495,b4
4496,b4
4497,b3|b4
4498,b2|b3|b4
4499,b3|b4
4500,b2|b3
4501,b3|b4
4502,b1|b3|b4
4503,b4
4504,b0|b1|b2
4505,b3|b4
4506,b0|b1
4507,b0|b1|b2
4508,b3|b4
4509,b2|b3
4510,b4
4511,b2|b3
4512,b4
4513,b1
4514,b4
4515,b0|b1|b2|b3|b4
4516,b0|b1|b2|b3|b4
4517,b2|b3|b4
4518,b1|b4
4519,b1|b2|b3|b4
4520,b3|b4
4521,b1|b2|b3|b4
4522,b3|b4
4523,b4
4524,b0|b1|b2|b3
4525,b3
4526,b0|b3|b4
4527,b4
4528,b0|b1|b2
4529,b2|b3|b4
4530,b1|b3|b4
4531,b0
4532,b1|b2|b3|b4
4533,b2
4534,b1|b2|b3|b4
4535,b0
4536,b4
4537,b4
4538,b2|b3|b4
4539,b4
4540,b2|b3|b4
4541,b0|b4
4542,b1|b3
4543,b2|b3
4544,b4
4545,b0
4546,b1|b2|b3|b4
4547,b0|b1|b2|b3|b4
4548,b4
4549,b0|b1
4550,b3|b4
4551,b0
4552,b3|b4
4553,b1|b2|b3|b4
4554,b1|b2
4555,b0|b1|b2|b3|b4
4556,b0
4557,b3|b4
4558,b3
4559,b0|b1|b2|b3|b4
4560,b3
4561,b0
4562,b1|b2|b3|b4
4563,b0|b1|b3|b4
4564,b3|b4
4565,b0
4566,b1
4567,b1|b2|b3|b4
4568,b2|b3|b4
4569,b4
4570,b1|b2|b4
4571,b2|b3
4572,b0|b2|b3|b4
4573,b0|b1|b2|b3|b4
4574,b1|b2|b3|b4
4575,b1
4576,b1|b2|b3|b4
4577,b1|b3|b4
4578,b0|b1|b2|b3|b4
4579,b4
4580,b0|b1|b2|b3|b4
4581,b0
4582,b4
4583,b1|b2
4584,b3|b4
4585,b2
4586,b2
4587,b1
4588,b3|b4
4589,b0|b1|b3|b4
4590,b1|b2
4591,b0|b1
4592,b1|b2
4593,b0|b1
4594,b1|b2|b3|b4
4595,b2|b3|b4
4596,b2|b3|b4
4597,b3|b4
4598,b0
4599,b1|b2|b3|b4
4600,b1|b2|b3|b4
4601,b0|b1|b2|b3|b4
4602,b2|b3|b4
4603,b4
4604,b0|b1|b2|b3
4605,b4
4606,b3|b4
4607,b4
4608,b3|b4
4609,b1|b2|b3|b4
4610,b1|b2|b3|b4
4611,b0|b1|b2|b3|b4
4612,b1|b2|b3|b4
4613,b0
4614,b0|b1|b2
4615,b2|b4
4616,b1|b2
4617,b0|b1|b2
4618,b0|b1|b2|b3|b4
4619,b2|b3|b4
4620,b1|b2|b3|b4
4621,b2
4622,b2|b3|b4
4623,b3|b4
4624,b1|b2|b3|b4
4625,b1|b2|b3
4626,b1|b2|b3|b4
4627,b0|b1|b2
4628,b3|b4
4629,b0|b1
4630,b0|b1|b2
4631,b0|b1
4632,b1
4633,b4
4634,b3
4635,b0|b1|b2|b3|b4
4636,b0
4637,b1|b2|b3|b4
4638,b4
4639,b3
4640,b3|b4
4641,b0|b1|b2|b3|b4
4642,b0|b1|b2|b3|b4
4643,b0|b1|b3|b4
4644,b0
4645,b0|b3|b4
4646,b0
4647,b0|b1|b2|b3|b4
4648,b2|b3|b4
4649,b3
4650,b4
4651,b0|b1|b2|b3|b4
4652,b1
4653,b3|b4
4654,b2|b4
4655,b0|b1|b2|b3
4656,b1|b4
4657,b2|b3
4658,b4
4659,b4
4660,b0|b1
4661,b0|b1|b2|b3
4662,b2|b3|b4
4663,b1|b2
4664,b0|b1|b2|b3
4665,b0|b1|b2
4666,b2|b3|b4
4667,b1|b2
4668,b0|b1|b2|b3|b4
4669,b1|b2|b3
4670,b2
4671,b2
4672,b1|b2|b3|b4
4673,b1|b2|b3
4674,b3
4675,b4
4676,b3|b4
4677,b4
4678,b3|b4
4679,b0
4680,b1
4681,b2|b3
4682,b3
4683,b1|b2|b3|b4
4684,b1|b2|b3|b4
4685,b0|b1|b2
4686,b0|b1|b2|b3|b4
4687,b4
4688,b4
4689,b0
4690,b0|b1|b2|b3|b4
4691,b0|b1|b2|b3
4692,b1|b2|b3|b4
4693,b0|b1
4694,b2
4695,b0|b1|b3
4696,b3|b4
4697,b2|b3|b4
4698,b0|b1|b2|b3|b4
4699,b3|b4
4700,b1
4701,b3|b4
4702,b3
4703,b0|b1|b2
4704,b0
4705,b0|b1|b3
4706,b3|b4
4707,b4
4708,b2|b3|b4
4709,b4
4710,b4
4711,b3|b4
4712,b1
4713,b1|b2|b3
4714,b4
4715,b0|b1|b2|b3|b4
4716,b0
4717,b0|b1|b2|b3|b4
4718,b0
4719,b2|b3|b4
4720,b2|b3|b4
4721,b2
4722,b1|b2|b3|b4
4723,b4
4724,b0|b1|b2|b3|b4
4725,b0|b1|b2|b3|b4
4726,b2
4727,b0|b1|b2
4728,b0|b1|b2|b3|b4
4729,b2|b3|b4
4730,b1|b2|b3
4731,b1|b2
4732,b0|b1|b2|b3|b4
4733,b2|b3|b4
4734,b0
4735,b0|b1|b2|b3|b4
4736,b1|b2|b3
4737,b4
4738,b4
4739,b2|b3|b4
4740,b1
4741,b3
4742,b2|b3|b4
4743,b0|b1
4744,b0|b2
4745,b2
4746,b1|b2|b3|b4
4747,b0|b1
4748,b1|b2
4749,b3|b4
4750,b3|b4
4751,b0|b4
4752,b1|b2|b3|b4
4753,b1|b2|b3|b4
4754,b1
4755,b3
4756,b2
4757,b3|b4
4758,b4
4759,b2|b4
4760,b2|b3
4761,b3
4762,b0|b1|b2|b3|b4
4763,b1|b2|b3|b4
4764,b4
4765,b2|b3|b4
4766,b4
4767,b2|b3|b4
4768,b0|b1|b3
4769,b0|b1|b2|b3|b4
4770,b3|b4
4771,b4
4772,b2|b4
4773,b2|b3
4774,b4
4775,b4
4776,b2|b3|b4
4777,b0|b1|b2|b3
4778,b0
4779,b0|b1|b2|b3|b4
4780,b4
4781,b0|b1
4782,b4
4783,b0
4784,b0|b2|b3|b4
4785,b4
4786,b3
4787,b4
4788,b4
4789,b0|b1|b2|b3|b4
4790,b3|b4
4791,b0
4792,b0|b1|b2
4793,b2
4794,b4
4795,b2
4796,b2|b3|b4
4797,b1|b2|b3|b4
4798,b0|b1|b2|b3|b4
4799,b0|b1|b2|b3|b4
4800,b1|b4
4801,b3
4802,b0|b1|b2|b3|b4
4803,b0
4804,b1|b2|b3|b4
4805,b0|b1|b3
4806,b2
4807,b3|b4
4808,b2|b3|b4
4809,b1|b2|b3|b4
4810,b1|b2|b3|b4
4811,b1|b2
4812,b4
4813,b0
4814,b3
4815,b1|b2|b3|b4
4816,b0
4817,b0|b1|b3|b4
4818,b2|b3|b4
4819,b2|b3|b4
4820,b4
4821,b0|b1|b3|b4
4822,b1|b2|b3|b4
4823,b0|b1|b2|b4
4824,b1
4825,b3
4826,b0|b1|b2|b3|b4
4827,b1
4828,b0
4829,b4
4830,b2|b3|b4
4831,b4
4832,b1|b2|b4
4833,b1|b2|b3|b4
4834,b0|b1|b2|b3|b4
4835,b0|b1|b2|b3|b4
4836,b0|b3
4837,b0|b1|b2
4838,b3
4839,b0
4840,b2|b3|b4
4841,b2
4842,b0|b1|b2|b3|b4
4843,b2|b3|b4
4844,b0|b1|b3
4845,b0|b1|b2|b3|b4
4846,b3|b4
4847,b0|b1
4848,b2|b3
4849,b0|b1|b2|b4
4850,b1|b2|b3|b4
4851,b1
4852,b1|b3|b4
4853,b2
4854,b0|b1
4855,b2|b3|b4
4856,b2
4857,b2|b3|b4
4858,b1|b2|b3|b4
4859,b3|b4
4860,b3
4861,b3
4862,b1|b2|b3|b4
4863,b4
4864,b0
4865,b2|b3
4866,b4
4867,b1|b2|b3|b4
4868,b1|b2|b3|b4
4869,b0|b1|b2|b3|b4
4870,b1|b2|b3|b4
4871,b0|b1|b2|b3|b4
4872,b2|b3|b4
4873,b0|b1|b2|b3|b4
4874,b0
4875,b0|b2|b3
4876,b2|b3|b4
4877,b0
4878,b0|b2|b3|b4
4879,b4
4880,b0|b1|b2|b3|b4
4881,b4
4882,b0|b1
4883,b0
4884,b0|b1|b2|b3|b4
4885,b2|b3|b4
4886,b2|b4
4887,b2|b3
4888,b1|b2|b3|b4
4889,b1|b2|b3|b4
4890,b3|b4
4891,b4
4892,b2
4893,b0
4894,b0|b2
4895,b0|b1|b2|b3|b4
4896,b2
4897,b1
4898,b0|b1|b2
4899,b3|b4
4900,b2|b3
4901,b3|b4
4902,b2
4903,b0|b1|b2|b3|b4
4904,b1
4905,b2|b3|b4
4906,b1|b2|b3|b4
4907,b2|b3|b4
4908,b2
4909,b2|b3|b4
4910,b4
4911,b0|b2|b3|b4
4912,b2
4913,b1|b2|b3|b4
4914,b1|b2|b3|b4
4915,b1|b2
4916,b1
4917,b3
4918,b1|b2|b3|b4
4919,b3
4920,b0|b1|b3|b4
4921,b4
4922,b1|b2|b3|b4
4923,b1|b2
4924,b1|b2|b3|b4
4925,b2
4926,b4
4927,b2
4928,b0|b3|b4
4929,b3
4930,b3|b4
4931,b0|b1
4932,b4
4933,b2|b3|b4
4934,b4
4935,b1
4936,b4
4937,b3
4938,b0|b1|b2
4939,b1
4940,b1
4941,b0
4942,b1|b2|b3|b4
4943,b4
4944,b0|b1|b2|b3|b4
4945,b0|b1|b2|b3|b4
4946,b0|b1
4947,b4
4948,b2
4949,b2|b3|b4
4950,b1|b2|b3|b4
4951,b3|b4
4952,b2|b3|b4
4953,b2|b3|b4
4954,b0
4955,b2|b3|b4
4956,b4
4957,b2|b3
4958,b4
4959,b0|b2|b3
4960,b1|b2|b3|b4
4961,b1
4962,b4
4963,b2|b3|b4
4964,b0|b1|b2|b3|b4
4965,b3
4966,b1|b2|b3
4967,b1|b2
4968,b4
4969,b0|b1|b2|b3|b4
4970,b2|b3|b4
4971,b2|b3|b4
4972,b0|b1|b2|b3|b4
4973,b0
4974,b1|b3|b4
4975,b0|b1
4976,b0|b1|b2|b3|b4
4977,b1|b2
4978,b1
4979,b4
4980,b0|b1|b3|b4
4981,b2|b3|b4
4982,b0|b1|b2|b3|b4
4983,b0|b1|b2|b3|b4
4984,b1|b2|b3|b4
4985,b0|b1|b3|b4
4986,b2|b3|b4
4987,b0|b1|b2
4988,b1|b2
4989,b0|b2|b3
4990,b1|b2|b3
4991,b1
4992,b4
4993,b1
4994,b1|b2|b3|b4
4995,b1|b2|b3|b4
4996,b0|b1|b2|b3|b4
4997,b1|b3|b4
4998,b0|b1|b2
4999,b2|b3|b4
5000,b0
